"scenario","rep","FleetName","25","26","27","28","29","30","31","32","33","34","35","36","37","38","39","40","41","42","43","44","45","46","47","48","49","50","51","52","53","54","55","56","57","58","59","60","61","62","63","64","65","66","67","68","69","70","71","72","73","74","75","76","77","78","79","80","81","82","83","84","85","86","87","88","89","90","91","92","93","94","95","96","97","98","99","100"
"F0-D0-E0-R0-X0-cow",1,"Survey",-0.0458499033679551,-0.0853247562059707,0.12925417139305,-0.134575771931747,0.164017138536266,-0.178262360539531,-0.0328013007448007,-0.194009077056588,-0.101695681684728,-0.350042515109283,0.225996870813912,-0.0466034803278248,-0.0298612504539442,0.103164600709853,0.151342378581091,0.0282806650420007,0.0213027164358834,0.110475196936907,-0.244390491767017,0.164112282163149,0.131061383936014,-0.219880681954088,0.254561854209065,0.119301585072332,0.0145089881439127,0.0445000670384594,0.0305682744936888,-0.200482069600987,-0.0289650376152935,-0.165262244832977,0.0446902056196556,0.231009538957547,-0.211257988255632,-0.358693190124789,-0.155630700049755,0.0966609212345517,0.215282884519841,-0.0270485794400841,-0.333571295968412,0.245866437587477,-0.197943299194257,-0.0143474336198821,0.240457705849312,0.306685047585933,-0.544703272852466,-0.000246669956847967,0.176679108441359,0.381559244978277,0.328769552224202,0.301086333436395,-0.0356888154111239,-0.068428359432275,0.183700887790319,-0.160541251095239,0.000245332322371894,-0.0980018071153061,-0.323433841289603,-0.057844352132399,0.374363616240881,0.066450548093794,0.269120769427751,0.211711777549986,0.0903670813459705,-0.292061883198361,-0.0612671995301852,0.0853731848954595,-0.526135600802561,-0.0809393702396157,-0.37143252527666,0.254395325999116,0.302262724414206,0.0634724177924717,0.312081491023452,-0.0997419524949095,-0.39938367583877,0.00158403852475431
"F0-D0-E0-R0-X0-cow",2,"Survey",-0.120988664758677,0.0815587005586202,0.217578904241005,-0.180916659425886,-0.0926932463918391,-0.309300253486086,0.110973948403963,0.167543236790692,0.177691416116911,-0.203086664187975,0.318475879803337,-0.108721191344184,0.491645413699466,0.136939021924039,0.075557766471011,0.239363454546858,-0.162750108170346,-0.306317274258525,0.140472741487272,-0.176734271519084,0.0638363080394804,-0.0604498745442328,-0.0647423871797557,-0.0499061635174201,0.114953448695211,-0.122657989031662,0.269630665374621,-0.207161751793492,-0.0953719228093739,0.343455560120159,-0.444564572955397,-0.0634551807888037,-0.0198369904009468,-0.0293211455134887,0.195274471299797,-0.131697434402113,-0.17744278702903,0.310255316654075,-0.0845326079313082,0.04880739038299,0.375136033811348,-0.204491295067591,-0.14758563124979,-0.44036334396003,-0.157880713496599,-0.0420445492442703,0.153433170967268,-0.063972982961527,0.1400173850916,0.00399685164473951,-0.0981769707944835,-0.304864002707323,0.151135144038143,0.269445582147405,0.424833266983466,-0.165719517015617,-0.0103817153540575,-0.0858472872693952,-0.0836055282416091,0.187454203631042,0.0561075081367477,0.351542771621439,0.264895365764538,-0.245365568128673,-0.137399562898803,0.0835495248470046,-0.0221336711725257,0.00113261206049842,-0.229052424661056,-0.187706659063043,-0.0850689929658657,0.155001252720858,-0.0369845320032596,0.000967965647397762,-0.235740160806177,0.0743713542375737
"F0-D0-E0-R0-X0-cow",3,"Survey",-0.00897305085802458,-0.349130786145675,-0.0919851290218006,-0.130057598069488,-0.427490332135203,0.0612385241862015,0.326129906814515,-0.0355861152018733,-0.0306910068406872,0.250500159206258,0.156005322374675,0.275164482285749,-0.0497368321183878,0.0401530489477011,0.064264108251642,-0.130063710840616,0.354864773876962,0.010509356078007,0.506801742863921,0.0287126137837959,0.187840066093102,0.303811068673262,0.109146002443715,-0.191948211957421,0.0427363680743085,-0.388691726982557,0.227175832000487,-0.0626420761308744,-0.0402818390604267,-0.0150163422990666,0.075987230854949,-0.176511690703386,-0.0871456326880597,-0.0193302779806785,-0.0896324278003462,-0.00164502417396406,0.0423779543900871,-0.075257986849131,-0.273474444696156,-0.260865216748591,0.097533379981261,0.173242226954148,0.137321583494789,-0.140092974688287,-0.110320210302181,0.0906381462124699,0.0310835663483715,-0.231261049823324,0.0141415939944025,-0.334149495833756,0.209444194957335,0.0539628798607836,0.271805161648125,-0.372832957899323,-0.0064043994104459,0.348775906704859,-0.0486906626718522,0.296179201325302,0.0455882816300068,0.0158751317703185,0.258722033618447,0.094587494462413,-0.170659936506038,-0.108362563265246,-0.311108509864738,0.0477472572548621,-0.277224072280926,0.044457064137184,0.131186808538708,-0.458695469417467,0.0869690076705396,-0.0638177167881651,-0.268694758418359,-0.00580760476653097,0.33838629938581,-0.00677429002895735
"F0-D0-E0-R0-X0-cow",4,"Survey",-0.0917822748390442,0.0617741040244155,0.0484369576074428,-0.137949860456104,0.300533081669752,0.512043993864182,0.309857499629906,0.0989138203170654,0.366840302795239,0.24839424778817,0.0269935692064998,-0.0558363729902247,0.294672020886704,-0.304748217448211,0.278267385130853,-0.0828838136634573,-0.239864454052199,0.415470622057832,0.0593825070070828,-0.131932510295929,-0.248142020976065,-0.236498625272809,-0.0303785215136791,0.258159762080194,0.115875920003813,-0.0425154531791527,-0.101219831374923,-0.0787681358731511,-0.111398465598544,-0.401899809706148,-0.121705067405983,0.0447356389590894,0.079294712170519,-0.100502534770669,0.283148540620431,-0.168689243346044,-0.171664548531648,-0.0842150235406471,-0.119166614977772,-0.0683470350799169,-0.198174948548591,-0.0617451639410476,0.253760025507944,0.119193609151605,0.146045767585377,0.0219675076081458,-0.0789628444512118,-0.545611367207147,-0.1475191236825,0.0318572139841535,0.128137166331232,0.210286528970023,0.118327098800275,0.0211854147407351,-0.00645453852432354,-0.204332266987965,-0.098086156123486,-0.591316169719477,0.357024337056291,-0.00897280365353836,-0.105682647813271,-0.426686265687959,-0.056280034380471,0.0944857091885076,0.0823927379255309,0.0437917300801196,0.162701290562865,0.0463201940164204,0.0514490949426403,0.295856256216187,-0.0806900377906139,-0.146799944658376,-0.0591759390199798,0.0281924761082308,0.0851071277390822,-0.1542422159369
"F0-D0-E0-R0-X0-cow",5,"Survey",-0.212495801002603,0.13652559004721,-0.176043950643876,-0.0350971574036159,-0.198109785928466,0.106205400674281,0.273965001355712,0.109371157089001,0.488368041924748,0.124026455188996,0.151087135849401,0.189874605421917,-0.124283177447815,-0.167587497233292,0.0816190449760335,0.202405110836445,-0.144359000634232,0.28238235942954,0.136771381832578,-0.084467855261142,-0.0223479067717065,-0.310734385103871,-0.0674013273535188,0.0361255604481308,0.122418393352298,0.128479101339671,-0.0267264764231356,-0.0200885929728933,-0.358520308056708,-0.0335729855739366,-0.0620775672603742,-0.0817438425030623,0.13970857099536,0.114978650528286,-0.467817055715631,0.0117568492616122,-0.0241140430309237,-0.16657071360045,-0.0988213345362183,0.301609359833918,-0.00295442095113074,0.203498108745215,0.155017095226228,-0.0383658872390065,0.0175856234131473,-0.103217831100284,-0.0734719309339233,-0.134462650408636,0.173165226170699,-0.0860180541946356,-0.139264460002234,0.0578602455253119,-0.180786723265381,0.134909848430336,-0.019611372605727,-0.165463564792397,-0.035421312118352,-0.0334294444365213,0.166897648773332,0.0252194279399625,0.18770354773411,0.0235019379657082,-0.132102210022552,0.103134795055439,-0.142981361427967,-0.0416374991456259,-0.206600101246895,0.149392947368572,-0.0807330228412617,-0.147607683382581,0.148483943752069,-0.205782531557507,-0.167648451927199,0.0979581499998154,0.01421942603465,0.224308823479895
"F0-D0-E0-R0-X0-cow",6,"Survey",0.129125551460778,-0.0529233234408579,0.0521800199871905,-0.379917989569673,0.205083173449871,0.0325340049689018,0.00369283425790812,-0.1953472657564,0.165159680902931,-0.0737656637931003,0.286182384344215,-0.137919726024027,-0.0986442649859747,-0.0958704366674006,-0.259467928477271,-0.242777721534839,-0.0550449811176783,0.0966000856434341,-0.0331642692900296,0.0150939033761794,-0.198081155950398,0.205775612650772,0.233997377841931,0.0246463230511829,0.179131566974718,-0.0133700861271464,-0.240256388011826,-0.114488613159768,0.000915355473210866,0.185313182827596,-0.0125832064415157,-0.355549330479519,0.542905919829952,-0.146274087507543,0.140213656157258,0.279649389269057,0.305336419688619,-0.292696019034388,0.177886312125491,0.368440719473508,-0.358656285459816,-0.204497822120846,0.0581487113764929,0.217812242142838,-0.387523517891914,-0.0496178491001302,-0.118954707612811,-0.378408801019976,0.0531277783731525,-0.185198809132363,-0.163423603581368,-0.0618244741819716,0.382616877894105,0.109778973180919,0.184728712160179,0.158357293250369,-0.179507464016144,0.0407626329958326,0.0286713703175607,0.125932380382313,-0.0362047829917209,0.148242495040467,0.0483844937935842,0.128537631972538,0.134848021299163,0.210349410426701,0.0172664920506236,-0.00289601667809336,-0.204007477748156,0.139914568189859,-0.225412478875178,-0.0731180758282548,-0.169589332054159,-0.00211562563553969,0.0301446588894443,-0.0484006146813662
"F0-D0-E0-R0-X0-cow",7,"Survey",-0.452504153301192,0.305363050609458,0.0529696310861212,-0.323428871342653,-0.0856715617185984,-0.0528798363481897,-0.320083170389868,-0.230126362847354,-0.345257806760813,-0.133782840103102,-0.297240036630889,0.430968479241898,-0.115334148079707,0.113975891148115,-0.0268768238772736,-0.019897757346115,-0.0990715934892172,0.224895643735945,-0.247343526679089,0.155276811312753,0.0803156533536367,-0.0125980797892637,0.0130897399885725,-0.155322134202535,-0.0193205733761346,-0.0793349423142757,-0.0744196043471561,0.0608775288052037,0.144702760785275,-0.256222694880584,0.374004981255869,0.0259417199209935,-0.0423212886985738,0.297066662035924,-0.259318629313963,-0.132964905276793,-0.0863550465975997,0.254118696210401,-0.128687084327428,0.0733047576732133,0.159472396780373,0.20622318405011,0.0832336824219766,-0.51338285297858,0.14855523488453,-0.0926780804735294,0.00462917412046693,0.0719477066811862,-0.0256893716011888,-0.0290339829678317,0.19793879425788,0.307299051537701,0.13791318708644,0.0826566189131199,0.266178768018445,-0.0545245360931226,0.0618533223756259,0.192516739713348,0.342520415131798,0.232943392983167,-0.0835362256020318,-0.054942579674595,0.00255692981133393,-0.351233907685803,0.391547060889284,-0.0230057737388307,-0.174551356749848,0.0230018269863663,-0.0256824037673944,0.040641132323838,-0.141248687325135,-0.00547467435899307,-0.15451437353504,0.332236367973007,-0.206649375506775,0.0397874049544278
"F0-D0-E0-R0-X0-cow",8,"Survey",-0.17399152262654,0.0104725156306387,0.0385330516448619,-0.149855171470868,-0.0344191688672488,-0.0134095271495731,-0.286871525109081,0.149359369687822,-0.269211153022141,-0.213296219627633,0.0499107859966017,0.357833075387212,-0.293744134410581,-0.135335365702602,0.153719017985097,0.398046010016319,0.21264828382127,0.0595115972504487,0.0453631283539373,0.306662930989333,0.0633538797497124,0.0501199184024834,-0.0234695530292655,-0.0326293005903189,-0.284919995343046,0.0391273618999293,-0.16339415828844,0.0424743083512844,-0.232003638070527,-0.0590289549664398,0.187643270306616,0.0409125623684865,0.0641316881070821,-0.0138151198144243,-0.111509862484748,-0.018487005102628,-0.0889280851660246,0.139900442072534,-0.290980285728612,0.405761828741813,0.119861179787016,-0.216388678678914,0.0886479311096835,-0.0737060438677801,-0.0967840840900891,-0.209452180768267,-0.0115166090831273,-0.0495853201114222,0.198287979045684,-0.048088189112022,-0.0583189969314404,-0.11035902535324,-0.31953317755606,-0.114440396227,-0.0104831637334755,-0.0798567836832049,-0.0675337719048912,-0.1808954712772,-0.0675969720286389,0.196960936942656,0.413450497776946,0.346202018679605,0.180806295985587,0.088702137214927,0.208720195538064,0.0668992169981841,-0.0717840963326992,-0.0122083408873692,0.00734039888620686,-0.0612043726471363,0.0484026173229601,0.115558961375228,0.0520652244837407,-0.164676826569178,0.175000596887802,-0.208674915519961
"F0-D0-E0-R0-X0-cow",9,"Survey",-0.348780105536036,-0.0746442314530888,-0.0678299716091111,0.204226457621161,-0.163308348672057,-0.228163126807519,0.149605941733341,0.224004571718687,0.249999545664931,0.217801347298241,0.187854854534582,0.225321450078884,-0.301033248136957,-0.0938984151842881,-0.0523861851700644,0.150762246240241,-0.0112310265995035,-0.438248829519594,0.246465356746455,-0.177526233786473,-0.0830666338289845,-0.0467670798286761,-0.358490136499327,0.184156793290668,0.250683426368585,0.232881534833197,0.284781171296832,-0.0803248990696694,0.100767063578715,0.0327020426567834,-0.199363413384098,0.0537572350761337,0.19392730567013,-0.451842720060533,0.192989616215403,0.038726448203608,-0.216473246940449,-0.179075157899387,0.0468240765112249,-0.0683150197432987,-0.0465370761447552,0.220227961194077,-0.74003189643679,0.427485188388349,0.0132430803305894,-0.188172163531011,-0.285635734820936,0.0754581051844596,0.0513355319456643,-0.0449908851575707,0.237813018981594,-0.022966407761821,-0.234718930901032,0.150525180786975,-0.0963092855300438,-0.237452535059028,-0.105137817107231,0.191435618673733,0.17770832340852,0.0275907565448819,0.396671173616497,-0.0486046297943155,0.18075899124489,-0.129717551579027,0.157147789610828,0.0680156393245213,0.101715552312339,-0.0416479233089504,0.454580544173304,-0.184001795142759,0.04512548016735,-0.460307745924741,0.048470288676068,-0.131087165098513,0.041172568669861,0.103383702587777
"F0-D0-E0-R0-X0-cow",10,"Survey",-0.14959954902185,0.0142849700283314,-0.16005917114343,0.0504591357964088,-0.0899010336975685,0.0255832905982025,-0.171310393683829,-0.00193910307439182,0.153554740674789,-0.404653340916028,-0.0370712132942046,-0.0703163670407498,0.306265815840444,-0.0124064822001984,5.78380946620882e-05,-0.0608554785234645,0.232763710295998,0.168476043346942,-0.0517859538478085,0.177784823466826,-0.101088776540497,0.116449485470241,0.149017933206391,0.226483058137386,0.0201414767561587,-0.337293629221765,0.306535466682384,-0.27568161608318,-0.0153060498172621,-0.350975392289399,-0.0528335519208696,0.129549711513153,-0.101728574251347,-0.0761843371320055,0.293115824398132,-0.0864612455061646,0.0102298355542558,0.109246770855691,-0.00222461789330453,-0.227383012164402,0.147478412355913,-0.0806135856702177,0.125530599437514,0.375683701190351,0.0285201008034583,0.0492766488268401,0.509137240653256,0.146471536238849,-0.152377138224082,-0.317287285861752,-0.107624661332004,0.0564285557755042,-0.220025277200861,-0.0656659029178677,-0.25396081967812,0.0205994904528417,0.0291320288536383,-0.0657214542640006,-0.040533521424269,0.164894226169771,-0.328183362295466,0.0146342728217519,-0.260267522737735,-0.000251378931679369,-0.0646483070362507,0.113003056009589,0.023624524745248,-0.0407481844156194,0.182354873723956,-0.0834017654189623,0.119855322909736,0.536547695115324,0.0657835939384412,-0.161617015823985,-0.249290294882016,0.130304034733385
"F0-D0-E0-R0-X0-cow",11,"Survey",-0.135763131195965,-0.0944316181342053,-0.075900185453154,0.172455140482004,0.116616372251173,-0.048912798869253,-0.018845401841034,0.232357775387715,0.106101734729631,-0.0704938603418483,0.00256148232395503,-0.0168558248726711,0.181498564885935,0.0479954759681434,0.37747661593534,0.382462164547764,-0.188144823478755,0.22102366003972,0.00492149330899849,-0.0890834373849572,-0.10547606381289,-0.142517526494053,0.335616852868579,0.00050477468261434,-0.268284835143241,-0.144462890359179,-0.154935137376746,0.151688914996878,-0.0993862650561894,0.0297615531346409,-0.137911523647475,-0.05014325309455,-0.0323914132473355,0.212847520493742,0.352450693810635,-0.0651632365732091,-0.411570130627364,-0.132504587128391,-0.13806458023199,0.0604072339109045,0.118618085965981,0.0445833499082617,-0.363566342690408,-0.0219901900722022,0.317847480611146,-0.214251693607135,-0.2660654316273,0.149468229523364,-0.0600355745301329,-0.10899610269454,0.337847273119039,-0.216615847607386,0.264571738867399,-0.164984980441229,0.454517431786307,-0.0240655973152855,-0.309885646293083,-0.0426983360532169,-0.120026437087226,0.182494999769887,-0.0922962838040711,-0.00710776015931813,-0.0557002527927679,-0.198692041442431,-0.0118779587932671,0.0915939345851591,0.0254967986264845,-0.291041036366178,0.0869501793518381,0.343469629027897,0.213759951697124,-0.063854627167629,0.225075503160252,-0.357899977305362,-0.112842711268549,-0.119284496113224
"F0-D0-E0-R0-X0-cow",12,"Survey",-0.0419856251181017,-0.362580658771382,0.266467997744748,0.0139936114475816,-0.0373896136566962,0.15094155527893,0.0244704224748524,0.111489376636765,0.152496793527582,-0.239847611156772,0.299350908055121,-0.106116768861686,-0.175593256663721,0.0318945555393384,0.0410767627118815,0.293091614014813,0.257235692231959,-0.102072483162264,0.0259110147430626,-0.255253739374613,0.0350514861941562,-0.141536457678217,0.259031320748981,-0.1349870805103,-0.287179525588343,0.172813197695202,0.135337949717101,-0.148429666696298,-0.0524429438738991,-0.0284761679019923,-0.226415402827431,0.111391945351855,-0.00462014398377519,-0.00316052076280471,-0.342424334348507,0.347579984150514,0.056838283076857,-0.0577093592824305,-0.00909772610258841,0.181198231862471,-0.0808415720451805,0.123787166488377,-0.4917758758383,-0.155103959192243,-0.290341062787046,0.0685395289729591,-0.217925362516475,0.0842325932049519,0.14793061899865,-0.0802291899061593,-0.172636501561733,0.0315161384328029,0.255433438054528,0.0679292550273694,0.178625867715851,0.448791283417275,0.00949566814945157,0.105060807313574,-0.286342424523692,-0.258199620616722,0.0497618256706893,-0.126349805535664,-0.0417499636232641,-0.134133231922245,0.00688725503282583,-0.342759103875469,0.323300068008052,0.188842215274462,-0.0341986641550562,0.0469326268754813,-0.0677839377471479,0.160282651952333,-0.167662985648125,0.217901437386463,-0.0436697646612529,0.266103554497455
"F0-D0-E0-R0-X0-cow",13,"Survey",-0.143441089510258,-0.0980059732145406,0.0216699752121308,-0.138579640766331,0.129949233370404,-0.117396846413566,0.0953481549205009,-0.075100986495471,-0.0321626560351511,-0.0472257183346798,0.106430519939959,-0.0372513029013568,0.117691514203692,-0.127998406722721,0.149388153126896,-0.0473716259574708,-0.270274858926474,0.0332486985958305,0.278512556529449,-0.00599386175876404,-0.0726498439911758,0.496409681832212,-0.159004338629863,0.112426400683905,0.0738547494011641,-0.223734268160683,-0.057198866802544,0.387261454775917,0.0428978443700139,-0.144377031791475,0.00529608137501825,-0.0617406902896604,0.0983563697223424,-0.052024951715353,-0.0834782748258043,0.1828417535855,0.232202656378576,-0.252863006688244,0.0756539516007351,-0.149251209766494,-0.0654862168311219,0.17992796443772,0.0512112903952548,0.277545183676523,-0.354931072790389,0.00111994231358992,-0.103144854180012,0.152960088320707,-0.21915861171912,0.0369687024193901,-0.241770543295715,0.0298164437627051,0.288056487963765,-0.197750253283814,0.155731981556276,-0.153278668498686,-0.165121966194118,-0.246118259162802,0.173007704681371,0.246772411798982,-0.128607025987659,0.105168783788137,0.0266603395843283,-0.155412571685069,-0.21386648069651,-0.389571511820989,0.133274660757891,-0.0704589417744224,0.0808058435922625,-0.0177738838664681,0.0240966082079019,0.21708166538534,-0.333478317768634,0.195052815060517,0.369948174103687,0.0684106618201064
"F0-D0-E0-R0-X0-cow",14,"Survey",-0.0451953959668856,0.201720370355151,-0.247716155608178,0.165325016344546,-0.0679245205691821,0.0846415292667686,0.00664610085918937,-0.201815213559193,0.0645272292238879,0.156347008357852,-0.0727899304448663,0.0419106110067986,-0.060499204695514,-0.228292682732022,0.198966306012892,0.221003136052111,-0.11051175349262,0.0885313157718102,-0.258363364635482,-0.00478253934497275,-0.149614161688437,-0.238307241238317,0.188939321802181,0.053159409669604,0.291967069108768,-0.199448885707817,-0.388930320112625,0.211223377281829,0.000188897334858495,0.263144559186156,-0.339677976405703,-0.320331853695436,0.267036350063936,0.215912726217631,0.233413818776789,0.199230334531034,-0.128128678132086,0.0475339557429884,-0.326245870341822,0.176415363722153,-0.229618254794346,0.041808876859573,-0.174368245789154,0.163781621218856,0.0185550468442095,-0.0251824483839229,-0.000457619122833819,-0.207164334718378,-0.144798402242611,0.249809741114696,0.312126211300797,-0.0975908188158598,-0.0907974397939171,0.0605475398225686,0.435844349510415,-0.124628301259815,0.275914084278696,0.0201196289285193,-0.0176739453109924,-0.106328217612653,0.135326791856965,0.0853923533989871,-0.0983085772848717,-0.0363921012300068,0.0209688094764893,-0.232924197267693,-0.276174672255575,0.0688657171450835,-0.328252073225102,0.0568642449930081,0.258217512591216,-0.0819277731587107,0.201412929470695,0.228605639469759,-0.269609239495797,-0.0811670308854282
"F0-D0-E0-R0-X0-cow",15,"Survey",-0.044984939826616,0.412878644542786,-0.230950171755239,0.437559530452404,0.10811473962622,0.300296092421547,-0.0303654304252099,0.104322409571886,0.00013111513440478,0.0706489804427655,0.261891490921368,-0.0665334093749514,-0.0822391100492617,0.14055226828031,0.214694402258214,0.480509401545952,-0.0674999915730297,-0.375575288115435,-0.202717148755031,-0.130409167823981,-0.513499869050204,-0.0783886652737849,0.256280187705464,0.205022093261523,-0.122336395104838,0.0468850941193217,-0.220738661040375,-0.285386749012353,0.0253292080013914,0.166797636307034,0.134969702554734,0.00701866719662902,0.180294183018585,-0.295483086124236,-0.031819721962286,-0.168141834442959,-0.128730007648198,-0.365935140984604,-0.212292930768644,0.296667152421659,0.215961419270329,0.313748286919992,-0.0124291678498771,-0.23733258495578,0.21726776581859,-0.030466763833104,-0.0421984811333722,-0.0108965006690838,-0.259707176948648,-0.461885457895718,0.0317089289091221,-0.0790183464770138,0.00966456623603662,0.161138753619966,-0.165113514971985,0.233287502535575,-0.278798142144385,-0.00813955261092758,-0.0682101346876678,0.305858018395835,-0.248417436583978,0.421235866673495,-0.225938129419276,0.225101603034517,0.127940291755834,-0.155403373022271,0.24091913747025,-0.3334306554599,-0.288964862587139,-0.0244900274836439,-0.0177549549764677,-0.0465878427207826,0.174673649632034,0.276878456230403,-0.202543525605854,0.0454891930821226
"F0-D0-E0-R0-X0-cow",16,"Survey",0.22267717853962,0.136695213423209,-0.248418170585992,-0.0791555597006131,-0.27886030854669,-0.44991822156393,0.136239990765784,0.271219256734604,0.146574511233016,-0.10519128714785,-0.196422796088644,-0.298249136948129,0.150305302546631,-0.133604005301276,-0.179661659203468,0.251804093132819,0.0093266015376301,0.252147524507713,0.00561294371497212,-0.251318701447342,0.190224102847516,0.0711631921509372,0.216319083016355,0.0864226852062835,-0.0637787704486996,-0.0758146402294209,0.0251490584231675,-0.0407937966853495,0.0640224847343376,-0.0262568400008583,-0.119918227791967,0.21737166256645,0.0529484922238588,-0.0486478260413676,0.120300217022603,-0.0957919876886351,0.108739438887969,0.0516768098954472,0.138889019984088,0.102607507688202,-0.181469238743656,-0.3032429109508,0.18978832066859,-0.240508275246832,-0.139865327640443,0.179908182033344,-0.0760773936803432,-0.0770034486083304,0.0319796559706269,-0.0991049936013582,0.00966660216440474,-0.260055903451288,-0.17700521539134,0.227919089732048,0.363538440559097,-0.335932549356876,-0.117463376199051,0.0978381755101623,-0.109336155055889,-0.150232029630711,0.0820050441158742,-0.171003649413212,0.124846689432196,0.286093708923456,0.226198996541321,0.0407935118886336,-0.0166820266092884,-0.0111524081375975,-0.096987224653148,-0.358370102286827,0.278167810513576,0.157195674499956,-0.0156643676968073,0.0397278296518166,0.204477095050205,0.0603774165517272
"F0-D0-E0-R0-X0-cow",17,"Survey",-0.0770960131908005,0.23818140484677,0.0970125693603094,-0.128793903647122,-0.0203991724827439,-0.0188994515034544,-0.196084019361155,0.0321914101837777,0.313677810802773,0.0392094681221806,-0.0502886471013895,0.0608934275005311,0.0751271322625371,0.203242325877024,0.102567390128961,-0.0981189577483335,0.0574674238997197,-0.0291594846311014,0.0909410318303543,-0.226637776773607,0.563288865767706,-0.134065629834055,0.0110072534976453,0.0395162599604859,-0.169843396396352,-0.495644059742503,0.301839594089927,0.0572188128136233,-0.232732681893403,0.189549513422918,-0.138607191472072,-0.297041672551483,-0.130834670733822,0.188520521051895,-0.29149889144561,0.237643167367395,-0.0593782401494565,0.0752190885024646,-0.0348253653071993,-0.0621013441262583,0.016794993865421,0.0573010605128772,-0.00150286042446623,0.195390217639645,-0.124195807714216,-0.142419491413982,-0.199988808219878,0.0584209934945186,0.213521290111675,-0.12766626157017,0.238135416518855,-0.209862941332254,-0.228869526349939,0.272970995633024,-0.252106120633368,0.154900462425438,-0.0182565078367318,0.00639782697236768,0.0958275483943254,-0.0422571008799366,0.363903622687481,-0.147522365744759,0.287123041450791,-0.215654914440083,-0.435812613639609,-0.0168929687809047,0.0473816372647065,0.0168540165098356,0.41475184036041,0.0296444058906502,-0.226016052100448,0.0444352299007598,0.0667466617150048,-0.0702935944356398,-0.24677155262464,0.0433170389135178
"F0-D0-E0-R0-X0-cow",18,"Survey",0.310684295988121,-0.220875565170591,-0.184921369653555,-0.278220735181328,0.0899994064645249,0.129397383584354,0.135442093902043,0.0985704953718383,-0.136421065170378,-0.486750959713344,0.0649684237050465,0.122697702967979,0.156125232374482,0.238397941247495,0.0287222376773322,0.270121130042732,0.138639033239439,-0.0210628380654647,0.0295987011381236,0.12713926458289,-0.255042757852209,0.0516044944146827,-0.207938405979629,-0.129932241559075,0.207899249580048,-0.0191976959206812,0.171905455835944,-0.134046081891245,0.0300638737162728,0.279532041770629,-0.164057145368929,0.093927724057103,-0.281722922682462,-0.0755660670360463,0.0324922357178323,-0.0375008452643719,0.284420849729468,0.0798786600949057,-0.00301279156943934,0.288932717135545,0.0702831522541274,0.0415405132422784,0.118367665328197,0.242590902529162,0.0714079691991429,0.0608921615795026,0.0676026518158572,0.173798542139934,-0.216907728693226,0.11002488355842,0.134474264044659,-0.116726290462243,0.0167173289647486,-0.0508858799343059,-0.422694618774734,-0.254074047097397,-0.167241919294757,0.0355344630070924,-0.254714113321931,-0.037914078084345,-0.100524806703319,-0.131935688015513,0.17846070671941,0.0366577024789905,-0.450993481153386,-0.0229052023297314,-0.145613764937082,0.177704421322776,-0.0575691604710684,-0.122763523419586,-0.242708606492162,0.222419477281118,0.0101532403756046,0.108621799390075,-0.106400015988136,0.200420634234519
"F0-D0-E0-R0-X0-cow",19,"Survey",0.0562850586732111,-0.283809851477475,0.0337249520614726,0.141190273149203,0.0794550713921147,-0.301582542719725,-0.075295887085737,-0.0373406965196637,-0.352623922987906,0.0390754790837882,-0.141343379668065,0.242957825153166,-0.00672653543865565,0.084889622275707,0.111689688372433,-0.524768488220214,0.316683113524199,-0.295173108337096,0.0114213766957398,-0.296151771498455,0.0753300058869222,0.108781144804261,0.095649750389363,0.252828186894359,-0.156791961951281,0.0450031185603592,0.0288889667930405,-0.203245883761966,-0.16256339967018,0.22776954471324,0.196307096468963,-0.014508426390563,0.061110317636043,0.309717402437656,0.189831358577273,-0.147373114605365,-0.175909957545262,-0.00372724485248099,0.0474377898806928,0.00624937176684881,-0.238295794787664,0.113853382438268,0.140522421843063,-0.101246072148449,-0.132177978320648,-0.0625396300958201,-0.00815328878280042,-0.225856670628104,-0.0332138807808526,0.33956378981707,0.0979787764180244,-0.114796482659056,-0.0995023348587445,0.178129933640719,0.296242604594593,0.113496782355426,0.339032319684666,-0.165999920195294,0.00425721502491072,0.0245272306830877,0.201667220342056,0.228328176736909,0.395580414421079,0.182725925729386,-0.00519487731718726,0.0709563443641983,-0.319826991671516,-0.0973565661863169,0.0909989035906591,-0.0908850621019575,-0.173448455879278,-0.382128458597105,0.0580604079325084,0.00997337136719878,0.0293036510580009,-0.247947467256537
"F0-D0-E0-R0-X0-cow",20,"Survey",0.358776770235,0.102314328627703,-0.0846395966089766,0.125765807263864,-0.0376902883029331,0.237910195459765,0.259111548345391,-0.314695904753059,0.505107867279715,0.17265074401659,0.0881085535978094,-0.200937295086778,-0.00021214757064314,-0.131286172584243,-0.0234116701617815,-0.111866363208456,0.304975061723148,0.0483633992654902,0.083494935348547,-0.103680198729268,-0.461224487283033,-0.211980442666917,0.0780367199141381,0.0651173812567691,-0.00628182913237652,-0.192149967454476,0.0941270781767933,0.146300831201007,0.0350385598773784,0.182239931520282,0.0771437054420723,-0.253391856320597,-0.348776876864449,0.205674435545593,-0.0547038811452296,-0.0790148263033217,-0.256487636194301,0.0427705518808672,0.114273294904411,0.25532006211251,-0.033251781595574,0.0244962646612095,0.142813918388359,0.184208028920764,-0.195459978140708,-0.0601153724632084,0.0393890683505589,-0.258844360116694,0.101729346641122,0.60084025814389,0.277889038100518,0.383830111126425,-0.269749761837755,-0.246772070732519,-0.0263494188446032,-0.180298421836675,-0.263616572570466,-0.105307188012763,0.00805420455586159,-0.0498961915628371,0.218520704579003,-0.527909437299137,0.195878984709967,-0.323720627054335,0.123898605586202,-0.113069413867532,-0.402557345386846,-0.304688587305353,-0.144897214954678,-0.0821915391418315,0.141443536247504,-0.0232420892883916,0.18810296928622,0.12530258464184,-0.0449979734439054,0.190348929478549
"F0-D0-E0-R0-X0-cow",21,"Survey",0.00699055604515664,-0.00948815563314298,-0.0525155042059104,0.0981738471901039,0.288485664302474,-0.293719172163954,-0.156359267738488,-0.215960491140844,0.316633836111887,-0.136595482245301,-0.0241252738427278,0.199177414945741,-0.47362032286085,-0.0397354553706037,-0.0566816245832555,0.0559629705971609,-0.251229052802479,0.109266942724734,-0.0315511514098183,-0.0435971391142722,-0.126054946436788,0.231010460837709,0.127986688246313,-0.192828724842833,0.185783437324915,0.149065101457399,-0.147532635575956,0.336293836473615,0.174176457702735,0.324946479669801,-0.498332691291246,0.246937437736094,-0.300326008256,0.261630387708362,-0.0680330930880437,0.0823877857303259,-0.0154921000707553,0.0668791034245828,0.326451651578957,-0.159095746512207,-0.0351079750266976,-0.0801606630023031,0.0121089584329646,-0.0650475362044283,0.202271472880234,-0.267391580415826,0.0862631955699094,-0.118208542029951,0.328358979315919,-0.105095343595764,-0.229270919992292,0.160828620114824,0.0771354015005734,0.18894826742417,0.0516354178203073,-0.174154140958851,0.0128326331056066,-0.000369025822156033,0.0747290374717267,0.181448595847787,-0.200830960489149,-0.278163839151638,-0.0475176185651556,-0.268378865520624,0.123340395278152,0.236411305272952,-0.182086492680572,0.0205313812640178,0.37519386533803,-0.444860611546162,0.337974812300477,0.154734799580247,-0.13821940868722,-0.182996759275497,-0.298448200547707,0.196199257464322
"F0-D0-E0-R0-X0-cow",22,"Survey",-0.144401299852461,-0.0711627825835066,-0.053693223088807,0.261200609905018,-0.301370894635824,-0.034690009656213,-0.124508223901621,0.203171401361871,-0.111166536832766,-0.150756984909652,-0.0643996689908342,0.0637339775861037,0.0585501827132973,-0.136892630634989,0.129118542821747,0.103755649605873,-0.0874200125805338,-0.271268180556525,-0.123589723810607,0.13721099864264,0.291504771116209,-0.0949148129133484,-0.259096909006281,-0.21241590790337,-0.274944552165778,0.201301465950639,0.216314355429596,0.00513413342430979,0.236922214146048,0.441088757322039,0.185544902986756,0.0794241750100504,-0.0908385926052162,0.169365413140227,-0.118805664953491,0.156683516760381,0.054796079693741,0.0516348224691399,0.20729663465201,0.150529985478325,0.00463583148289004,0.165770847068465,-0.123276644772659,0.272140916936483,-0.0227536386846481,0.307861556239335,-0.271462371072129,-0.2214828680587,0.136519229471162,0.137466352805216,0.080593838058121,0.314271760752611,-0.184399257939781,-0.176924291869557,-0.503383270222198,-0.0428210652376606,-0.16310246306012,-0.0103739273218295,-0.19478621201614,-0.121908362697635,-0.0391595253166628,-0.149101957627117,0.055187219743118,0.257481150302006,-0.311360602790558,0.00187629659585653,0.0529984861848369,-0.0436220287235187,-0.2562068728006,0.323660119952798,0.0831100249684056,0.212628254568099,-0.191789864409717,-0.175686134799115,-0.187509962712255,0.306975190661845
"F0-D0-E0-R0-X0-cow",23,"Survey",-0.0175600489177619,0.0209465573340744,-0.278652231769769,-0.261925878404508,-0.087356921222451,0.0750939709601361,-0.140818237590448,0.0657531582743509,-0.187505066793932,0.0165916269630841,0.289822303050965,0.51503551996883,-0.411301911481328,0.235523959053925,-0.132341114937969,-0.125597185565315,0.0235269315668098,-0.0307291638313885,-0.192817145655876,-0.229492764436905,0.268234815530604,-0.301176314428833,0.140996772552725,0.132430125095983,-0.106004836093792,0.15841510023704,0.305997401769403,-0.129201711550365,0.166143519978373,0.244996737531359,0.0363302443981937,-0.294761965796212,0.254355532423965,-0.123381513340611,0.0708179735234147,0.0587383531233101,-0.0061233320223657,0.0613544767597958,0.333065971938062,-0.236233190709868,-0.175541119961878,0.0678127677652114,0.254653285762242,0.0797843962649694,0.0441567447171671,0.103324939247845,-0.442743899676707,-0.0734640063873115,0.0588179263923543,0.234882065036597,0.121639469501865,0.0448089652172072,-0.253609399878862,-0.0168120401055347,0.156307026961581,0.136591350761236,-0.252733498885348,-0.191801009189824,-0.099381609947347,-0.131957454559178,-0.189340332457039,-0.252467978183379,0.0598588903202177,-0.0770951082849685,0.0216443047028072,-0.00217441122766715,0.279446909888566,0.279911068263413,0.147687841480227,-0.159410446578647,-0.236263622864509,0.375098981487579,0.0882718377603524,-0.173325286038352,0.013218255540977,-0.0209783514977779
"F0-D0-E0-R0-X0-cow",24,"Survey",-0.00501194945130123,-0.475707007182777,0.229169446398501,-0.0191373588807693,0.121676948197678,-0.609696503756449,0.127040773642864,-0.0885075245803399,0.0735335354549207,-0.405077100980868,-0.0653732779516751,0.348154581596461,-0.0267035490637575,-0.00359802496999961,-0.121980818549719,-0.212323798315118,0.139211413703109,-0.195814684565462,0.292315854073085,-0.0807356916417703,-0.0903902321047383,-0.0431843743789031,-0.109318452425526,0.0769012378887943,-0.0945656628214699,-0.0188468724558462,0.059460921943348,-0.230312533570192,0.146931351530171,0.0174737575809338,0.152108790016626,0.006382678045874,-0.0386809263559549,0.100392430327144,0.199650478125882,-0.30546777828576,0.475692447642391,-0.129776782366697,0.252713034383675,0.0973473585728648,0.215114580495033,0.0292021338302746,-0.0620414248657184,-0.069635011977244,0.307822259220508,-0.147505712603696,-0.246050929359019,-0.119241833683745,0.254708294563194,-0.0493890098305378,-0.135119761822956,-0.0529378750489755,-0.134108197860602,0.314863483277456,0.220769780356335,-0.206554956232729,-0.207466904890556,0.640292140181479,-0.0227172241175495,-0.344605368329489,-0.136356446277382,0.0558203549103808,-0.150815163259526,0.039394321361403,-0.0286429360386435,0.243218581960875,-0.108873490444964,-0.24677297861707,-0.0268131675437218,0.274836977023352,-0.00113418435563517,0.00974226173772053,0.278190175408575,-0.159619771293293,0.205783546771563,0.0207035713225814
"F0-D0-E0-R0-X0-cow",25,"Survey",-0.0782180960775989,-0.152174288026242,-0.301470499810055,0.24361512921228,0.0424397152636367,0.0482343226658735,-0.123704730977288,-0.304445501655493,0.240603423372214,-0.334919365888208,-0.27885319871724,0.00626384464275986,0.137635800773928,0.227761981412687,0.142480880238988,-0.114710890218149,0.0953833803400563,-0.00049667504677231,0.0914209630307532,0.0734205772857095,0.284104981932703,0.19695901114217,0.257000729054599,-0.221588079688875,0.0715547930060758,-0.168348264569051,-0.150746949266974,-0.0387617193750742,0.266076297564219,0.375890551837806,0.0535730115438362,0.205342143417074,0.00765737405853173,-0.0849348232506593,-0.15085791264746,0.347416739842771,-0.475239130238212,0.0219218579555722,0.206552327231957,0.214982279494766,0.0348660291939211,0.00797468806122126,-0.0410443527393767,-0.222374644942313,-0.0471676614934005,-0.240263208867869,0.153142570872298,0.0825888258351988,0.0633287834195748,0.0109901106638191,0.0267144524999985,-0.285719683184318,0.260855448444079,0.0948865526235672,0.0281195545006341,-0.208171815327621,-0.140395067102169,-0.106085221227026,0.094991480027609,-0.244147276134573,0.0501848534069858,0.15809910094573,-0.0184096802859273,-0.104260073476475,-0.0650063250396968,-0.14153264856688,0.155612988736443,-0.371491640731087,0.155340489251106,-0.126507752890976,0.198536274954293,-0.0216747783961893,0.0270201372623724,-0.261228260565346,0.0894591130817979,0.0739427811195625
