"","SSB_MSY_om","TotYield_MSY_om","SSB_Unfished_om","depletion_om","params_on_bound_om","NatM_p_1_Fem_GP_1_om","L_at_Amin_Fem_GP_1_om","L_at_Amax_Fem_GP_1_om","VonBert_K_Fem_GP_1_om","CV_young_Fem_GP_1_om","CV_old_Fem_GP_1_om","Wtlen_1_Fem_om","Wtlen_2_Fem_om","Mat50._Fem_om","Mat_slope_Fem_om","Eggs.kg_inter_Fem_om","Eggs.kg_slope_wt_Fem_om","RecrDist_GP_1_om","RecrDist_Area_1_om","RecrDist_Seas_1_om","CohortGrowDev_om","L_at_Amax_Fem_GP_1_ENV_add_om","SR_LN_R0_om","SR_BH_steep_om","SR_sigmaR_om","SR_envlink_om","SR_R1_offset_om","SR_autocorr_om","InitF_1Fishery_om","LnQ_base_1_Fishery_om","LnQ_base_2_Survey_om","LnQ_base_3_CPUE_om","AgeSel_1P_1_Fishery_om","AgeSel_1P_2_Fishery_om","AgeSel_1P_3_Fishery_om","AgeSel_1P_4_Fishery_om","AgeSel_1P_5_Fishery_om","AgeSel_1P_6_Fishery_om","AgeSel_2P_1_Survey_om","AgeSel_2P_2_Survey_om","AgeSel_2P_3_Survey_om","AgeSel_2P_4_Survey_om","AgeSel_2P_5_Survey_om","AgeSel_2P_6_Survey_om","Catch_endyear_om","NLL_TOTAL_om","NLL_Catch_om","NLL_Equil_catch_om","NLL_Survey_om","NLL_Discard_om","NLL_Mean_body_wt_om","NLL_Length_comp_om","NLL_Age_comp_om","NLL_Size_at_age_om","NLL_SizeFreq_om","NLL_Morphcomp_om","NLL_Tag_comp_om","NLL_Tag_negbin_om","NLL_Recruitment_om","NLL_Forecast_Recruitment_om","NLL_Parm_priors_om","NLL_Parm_softbounds_om","NLL_Parm_devs_om","NLL_Crash_Pen_om","SSB_MSY_em","TotYield_MSY_em","SSB_Unfished_em","depletion_em","params_on_bound_em","params_stuck_low_em","params_stuck_high_em","NatM_p_1_Fem_GP_1_em","L_at_Amin_Fem_GP_1_em","L_at_Amax_Fem_GP_1_em","VonBert_K_Fem_GP_1_em","CV_young_Fem_GP_1_em","CV_old_Fem_GP_1_em","Wtlen_1_Fem_em","Wtlen_2_Fem_em","Mat50._Fem_em","Mat_slope_Fem_em","Eggs.kg_inter_Fem_em","Eggs.kg_slope_wt_Fem_em","RecrDist_GP_1_em","RecrDist_Area_1_em","RecrDist_Seas_1_em","CohortGrowDev_em","SR_LN_R0_em","SR_BH_steep_em","SR_sigmaR_em","SR_envlink_em","SR_R1_offset_em","SR_autocorr_em","InitF_1Fishery_em","LnQ_base_1_Fishery_em","LnQ_base_2_Survey_em","LnQ_base_3_CPUE_em","AgeSel_1P_1_Fishery_em","AgeSel_1P_2_Fishery_em","AgeSel_1P_3_Fishery_em","AgeSel_1P_4_Fishery_em","AgeSel_1P_5_Fishery_em","AgeSel_1P_6_Fishery_em","AgeSel_2P_1_Survey_em","AgeSel_2P_2_Survey_em","AgeSel_2P_3_Survey_em","AgeSel_2P_4_Survey_em","AgeSel_2P_5_Survey_em","AgeSel_2P_6_Survey_em","Catch_endyear_em","NLL_TOTAL_em","NLL_Catch_em","NLL_Equil_catch_em","NLL_Survey_em","NLL_Discard_em","NLL_Mean_body_wt_em","NLL_Length_comp_em","NLL_Age_comp_em","NLL_Size_at_age_em","NLL_SizeFreq_em","NLL_Morphcomp_em","NLL_Tag_comp_em","NLL_Tag_negbin_em","NLL_Recruitment_em","NLL_Forecast_Recruitment_em","NLL_Parm_priors_em","NLL_Parm_softbounds_em","NLL_Parm_devs_em","NLL_Crash_Pen_em","bias1","bias2","bias3","bias4","bias5","bias.converged","bias.tried","scenario","replicate","D","F","G","X","species","max_grad","version","RunTime","hessian","ID"
"1",215129000,32.052,580652000,0.323360635974732,0,0.08,18,62,0.047,0.13,0.13,9.77e-06,3.17125,14.6,-0.474,137900,36500,1,1,1,1,1,5.6,0.44,0.5,0,0,0,0,0,0,0,21.2,-1,4.08,15,-999,999,18.28,-1,4.08,15,-999,999,33.2495,329061,1.43431e-07,0,-178.211,NA,NA,NA,11547.5,317628,NA,NA,NA,NA,63.206,0,0,0,0,0,209476000,29.8013,566919000,0.36729938492095,0,NA,NA,0.08,18,62,0.047,0.13,0.13,9.77e-06,3.17125,14.6,-0.474,137900,36500,1,1,1,1,5.57606,0.44,0.5,0,0,0,0,0,-0.00433019,0,21.2867,-1,4.08586,15,-999,999,18.2995,-1,4.0765,15,-999,999,33.2495,5239330,5.64217e-09,0,5234560,NA,NA,NA,4779.27,NA,NA,NA,NA,NA,-4.36628,0,0,0.000897054,0,0,NA,NA,NA,NA,NA,NA,NA,"D1-F0-G0-X1-yellow-age",1,"D1","F0","G0","X1","yellow-age",4.67909,"#V3.24O",3.75,FALSE,"D1-F0-G0-X1-yellow-age-1"
"2",215129000,32.052,580652000,0.33927205968463,0,0.08,18,62,0.047,0.13,0.13,9.77e-06,3.17125,14.6,-0.474,137900,36500,1,1,1,1,1,5.6,0.44,0.5,0,0,0,0,0,0,0,21.2,-1,4.08,15,-999,999,18.28,-1,4.08,15,-999,999,35.1278,329018,1.1899e-07,0,-178.211,NA,NA,NA,11509.2,317632,NA,NA,NA,NA,54.9667,0,0,0,0,0,219323000,30.8966,593956000,0.338764150879863,0,NA,NA,0.08,18,62,0.047,0.13,0.13,9.77e-06,3.17125,14.6,-0.474,137900,36500,1,1,1,1,5.62265,0.44,0.5,0,0,0,0,0,0.0212154,0,21.1676,-1,4.07528,15,-999,999,18.4121,-1,4.10234,15,-999,999,35.1278,5301110,4.86611e-09,0,5296300,NA,NA,NA,4825.26,NA,NA,NA,NA,NA,-12.7926,0,0,0.000894244,0,0,NA,NA,NA,NA,NA,NA,NA,"D1-F0-G0-X1-yellow-age",2,"D1","F0","G0","X1","yellow-age",0.00401732,"#V3.24O",3.9,FALSE,"D1-F0-G0-X1-yellow-age-2"
"3",215129000,32.052,580652000,0.330847047801437,0,0.08,18,62,0.047,0.13,0.13,9.77e-06,3.17125,14.6,-0.474,137900,36500,1,1,1,1,1,5.6,0.44,0.5,0,0,0,0,0,0,0,21.2,-1,4.08,15,-999,999,18.28,-1,4.08,15,-999,999,33.8824,329215,9.43225e-08,0,-178.211,NA,NA,NA,11679,317657,NA,NA,NA,NA,57.1369,0,0,0,0,0,220530000,31.4895,593856000,0.341810135790495,0,NA,NA,0.08,18,62,0.047,0.13,0.13,9.77e-06,3.17125,14.6,-0.474,137900,36500,1,1,1,1,5.62249,0.44,0.5,0,0,0,0,0,0.0105375,0,21.3701,-1,4.11098,15,-999,999,18.2973,-1,4.07841,15,-999,999,33.8824,5324850,4.42384e-09,0,5320090,NA,NA,NA,4770.41,NA,NA,NA,NA,NA,-11.8467,0,0,0.000891743,0,0,NA,NA,NA,NA,NA,NA,NA,"D1-F0-G0-X1-yellow-age",3,"D1","F0","G0","X1","yellow-age",0.00410741,"#V3.24O",4.2,FALSE,"D1-F0-G0-X1-yellow-age-3"
"4",215129000,32.052,580652000,0.361748517184131,0,0.08,18,62,0.047,0.13,0.13,9.77e-06,3.17125,14.6,-0.474,137900,36500,1,1,1,1,1,5.6,0.44,0.5,0,0,0,0,0,0,0,21.2,-1,4.08,15,-999,999,18.28,-1,4.08,15,-999,999,37.2381,329217,1.14138e-07,0,-178.211,NA,NA,NA,11709.7,317632,NA,NA,NA,NA,53.3458,0,0,0,0,0,223577000,32.2119,602945000,0.383471129207473,0,NA,NA,0.08,18,62,0.047,0.13,0.13,9.77e-06,3.17125,14.6,-0.474,137900,36500,1,1,1,1,5.63767,0.44,0.5,0,0,0,0,0,-0.0317346,0,21.2241,-1,4.08345,15,-999,999,18.3224,-1,4.09316,15,-999,999,37.2381,5323510,4.16122e-09,0,5318780,NA,NA,NA,4745.06,NA,NA,NA,NA,NA,-18.247,0,0,0.000894615,0,0,NA,NA,NA,NA,NA,NA,NA,"D1-F0-G0-X1-yellow-age",4,"D1","F0","G0","X1","yellow-age",1.37246e-05,"#V3.24O",3.98333333333333,FALSE,"D1-F0-G0-X1-yellow-age-4"
"5",215129000,32.052,580652000,0.329329787893609,0,0.08,18,62,0.047,0.13,0.13,9.77e-06,3.17125,14.6,-0.474,137900,36500,1,1,1,1,1,5.6,0.44,0.5,0,0,0,0,0,0,0,21.2,-1,4.08,15,-999,999,18.28,-1,4.08,15,-999,999,33.9855,328919,1.15953e-07,0,-178.211,NA,NA,NA,11412.4,317632,NA,NA,NA,NA,53.4033,0,0,0,0,0,224587000,31.9185,603672000,0.338919148146676,0,NA,NA,0.08,18,62,0.047,0.13,0.13,9.77e-06,3.17125,14.6,-0.474,137900,36500,1,1,1,1,5.63888,0.44,0.5,0,0,0,0,0,-0.00991716,0,21.2704,-1,4.09186,15,-999,999,18.272,-1,4.08755,15,-999,999,33.9855,5299580,4.6403e-09,0,5294700,NA,NA,NA,4896.02,NA,NA,NA,NA,NA,-14.6733,0,0,0.000894171,0,0,NA,NA,NA,NA,NA,NA,NA,"D1-F0-G0-X1-yellow-age",5,"D1","F0","G0","X1","yellow-age",2.22656e-06,"#V3.24O",3.86666666666667,FALSE,"D1-F0-G0-X1-yellow-age-5"
"6",215129000,32.052,580652000,0.356816130832237,0,0.08,18,62,0.047,0.13,0.13,9.77e-06,3.17125,14.6,-0.474,137900,36500,1,1,1,1,1,5.6,0.44,0.5,0,0,0,0,0,0,0,21.2,-1,4.08,15,-999,999,18.28,-1,4.08,15,-999,999,36.8103,328968,9.35868e-08,0,-178.211,NA,NA,NA,11488.6,317614,NA,NA,NA,NA,43.6296,0,0,0,0,0,233205000,33.0122,629226000,0.352075406928512,0,NA,NA,0.08,18,62,0.047,0.13,0.13,9.77e-06,3.17125,14.6,-0.474,137900,36500,1,1,1,1,5.68034,0.44,0.5,0,0,0,0,0,-0.0390874,0,21.0681,-1,4.06821,15,-999,999,18.1092,-1,4.05702,15,-999,999,36.8103,5313280,4.04657e-09,0,5308420,NA,NA,NA,4879.94,NA,NA,NA,NA,NA,-22.9459,0,0,0.000906324,0,0,NA,NA,NA,NA,NA,NA,NA,"D1-F0-G0-X1-yellow-age",6,"D1","F0","G0","X1","yellow-age",2.8434e-05,"#V3.24O",3.9,FALSE,"D1-F0-G0-X1-yellow-age-6"
"7",222859000,0,580652000,0.180953479881237,0,0.08,18,62,0.047,0.13,0.13,9.77e-06,3.17125,14.6,-0.474,137900,36500,1,1,1,1,1,5.6,0.44,0.5,0,0,0,0,0,0,0,21.2,-1,4.08,15,-999,999,18.28,-1,4.08,15,-999,999,21.5396,353957,24763.3,0,-76.1444,NA,NA,NA,11804.1,317403,NA,NA,NA,NA,63.206,0,0,0,0,0,218420000,0,569087000,0.203227274564346,0,NA,NA,0.08,18,62,0.047,0.13,0.13,9.77e-06,3.17125,14.6,-0.474,137900,36500,1,1,1,1,5.57988,0.44,0.5,0,0,0,0,0,0.00131231,0,21.3837,-1,4.10224,15,-999,999,18.159,-1,4.04964,15,-999,999,21.5396,5221670,8.21587e-09,0,5216850,NA,NA,NA,4818.8,NA,NA,NA,NA,NA,-3.04158,0,0,0.000899482,0,0,NA,NA,NA,NA,NA,NA,NA,"D1-F0-G1-X1-yellow-age",1,"D1","F0","G1","X1","yellow-age",4.18567e-05,"#V3.24O",3.85,FALSE,"D1-F0-G1-X1-yellow-age-1"
"8",223626000,0,580652000,0.188739554845243,0,0.08,18,62,0.047,0.13,0.13,9.77e-06,3.17125,14.6,-0.474,137900,36500,1,1,1,1,1,5.6,0.44,0.5,0,0,0,0,0,0,0,21.2,-1,4.08,15,-999,999,18.28,-1,4.08,15,-999,999,22.5137,354448,25364.4,0,-73.7221,NA,NA,NA,11695.6,317406,NA,NA,NA,NA,54.9667,0,0,0,0,0,228325000,0,592852000,0.189055615904138,0,NA,NA,0.08,18,62,0.047,0.13,0.13,9.77e-06,3.17125,14.6,-0.474,137900,36500,1,1,1,1,5.62079,0.44,0.5,0,0,0,0,0,0.0206927,0,21.2671,-1,4.08769,15,-999,999,18.3913,-1,4.09983,15,-999,999,22.5137,5281410,7.7548e-09,0,5276620,NA,NA,NA,4803.35,NA,NA,NA,NA,NA,-13.3683,0,0,0.000892019,0,0,NA,NA,NA,NA,NA,NA,NA,"D1-F0-G1-X1-yellow-age",2,"D1","F0","G1","X1","yellow-age",8.77147e-05,"#V3.24O",3.81666666666667,FALSE,"D1-F0-G1-X1-yellow-age-2"
"9",222900000,0,580652000,0.184718213318821,0,0.08,18,62,0.047,0.13,0.13,9.77e-06,3.17125,14.6,-0.474,137900,36500,1,1,1,1,1,5.6,0.44,0.5,0,0,0,0,0,0,0,21.2,-1,4.08,15,-999,999,18.28,-1,4.08,15,-999,999,21.8839,354479,25181.3,0,-74.9883,NA,NA,NA,11884.2,317431,NA,NA,NA,NA,57.1369,0,0,0,0,0,226310000,0,589536000,0.18932177169842,0,NA,NA,0.08,18,62,0.047,0.13,0.13,9.77e-06,3.17125,14.6,-0.474,137900,36500,1,1,1,1,5.61518,0.44,0.5,0,0,0,0,0,0.0274159,0,21.4041,-1,4.11499,15,-999,999,18.3848,-1,4.08521,15,-999,999,21.8839,5305230,7.30567e-09,0,5300430,NA,NA,NA,4806.34,NA,NA,NA,NA,NA,-8.38533,0,0,0.000889123,0,0,NA,NA,NA,NA,NA,NA,NA,"D1-F0-G1-X1-yellow-age",3,"D1","F0","G1","X1","yellow-age",0.000142134,"#V3.24O",3.88333333333333,FALSE,"D1-F0-G1-X1-yellow-age-3"
"10",223051000,0,580652000,0.201278907159538,0,0.08,18,62,0.047,0.13,0.13,9.77e-06,3.17125,14.6,-0.474,137900,36500,1,1,1,1,1,5.6,0.44,0.5,0,0,0,0,0,0,0,21.2,-1,4.08,15,-999,999,18.28,-1,4.08,15,-999,999,23.9672,354643,25325.8,0,-74.0803,NA,NA,NA,11930.9,317407,NA,NA,NA,NA,53.3458,0,0,0,0,0,234786000,0,611201000,0.205289258361815,0,NA,NA,0.08,18,62,0.047,0.13,0.13,9.77e-06,3.17125,14.6,-0.474,137900,36500,1,1,1,1,5.65127,0.44,0.5,0,0,0,0,0,-0.0208923,0,21.0905,-1,4.0686,15,-999,999,18.2906,-1,4.08765,15,-999,999,23.9672,5302570,6.36584e-09,0,5297830,NA,NA,NA,4755.26,NA,NA,NA,NA,NA,-15.5617,0,0,0.000899274,0,0,NA,NA,NA,NA,NA,NA,NA,"D1-F0-G1-X1-yellow-age",4,"D1","F0","G1","X1","yellow-age",0.00288665,"#V3.24O",3.93333333333333,FALSE,"D1-F0-G1-X1-yellow-age-4"
"11",223097000,0,580652000,0.184597659183125,0,0.08,18,62,0.047,0.13,0.13,9.77e-06,3.17125,14.6,-0.474,137900,36500,1,1,1,1,1,5.6,0.44,0.5,0,0,0,0,0,0,0,21.2,-1,4.08,15,-999,999,18.28,-1,4.08,15,-999,999,21.981,353810,24774.9,0,-76.4354,NA,NA,NA,11651.8,317407,NA,NA,NA,NA,53.4033,0,0,0,0,0,233966000,0,608941000,0.185816031438185,0,NA,NA,0.08,18,62,0.047,0.13,0.13,9.77e-06,3.17125,14.6,-0.474,137900,36500,1,1,1,1,5.64757,0.44,0.5,0,0,0,0,0,0.00358726,0,21.2054,-1,4.0803,15,-999,999,18.4131,-1,4.09559,15,-999,999,21.981,5281720,7.28995e-09,0,5276860,NA,NA,NA,4878.92,NA,NA,NA,NA,NA,-15.2859,0,0,0.000894348,0,0,NA,NA,NA,NA,NA,NA,NA,"D1-F0-G1-X1-yellow-age",5,"D1","F0","G1","X1","yellow-age",0.00499912,"#V3.24O",3.91666666666667,FALSE,"D1-F0-G1-X1-yellow-age-5"
"12",223146000,0,580652000,0.198941879128979,0,0.08,18,62,0.047,0.13,0.13,9.77e-06,3.17125,14.6,-0.474,137900,36500,1,1,1,1,1,5.6,0.44,0.5,0,0,0,0,0,0,0,21.2,-1,4.08,15,-999,999,18.28,-1,4.08,15,-999,999,23.7019,354341,25272.2,0,-74.2006,NA,NA,NA,11710.2,317388,NA,NA,NA,NA,43.6296,0,0,0,0,0,238429000,0,620419000,0.196547816878593,0,NA,NA,0.08,18,62,0.047,0.13,0.13,9.77e-06,3.17125,14.6,-0.474,137900,36500,1,1,1,1,5.66624,0.44,0.5,0,0,0,0,0,-0.0186439,0,21.2022,-1,4.08722,15,-999,999,18.3586,-1,4.09177,15,-999,999,23.7019,5293830,6.48705e-09,0,5289090,NA,NA,NA,4761.67,NA,NA,NA,NA,NA,-22.0123,0,0,0.000894086,0,0,NA,NA,NA,NA,NA,NA,NA,"D1-F0-G1-X1-yellow-age",6,"D1","F0","G1","X1","yellow-age",5.39413e-05,"#V3.24O",3.8,FALSE,"D1-F0-G1-X1-yellow-age-6"
"13",1345900,409881,5007440,0.14606825044334,0,0.22,5,55,0.4,0.1,0.1,7e-06,2.95,2.835,-2.208,1,0,1,1,1,1,1,15,0.82,1.4,0,0,0,0,0,0,0,4.33,-1,1.1,15,-999,999,3.72,-1,1.06,15,-999,999,133548,153618,3.90644e-07,0,1.49764e-10,NA,NA,NA,6079.37,147445,NA,NA,NA,NA,93.0723,0,0,0,0,0,962211,290483,3568690,0.207999854288268,0,NA,NA,0.22,5,55,0.4,0.1,0.1,7e-06,2.95,2.835,-2.208,1,0,1,1,1,1,14.6613,0.82,1.4,0,0,0,0,0,-0.00435465,0,4.33393,-1,1.10095,15,-999,999,3.7225,-1,1.06554,15,-999,999,133548,9391210,3.99316e-12,0,9389910,NA,NA,NA,1228.13,NA,NA,NA,NA,NA,74.3828,0,0,0.000893063,0,0,NA,NA,NA,NA,NA,NA,NA,"D1-F0-G0-X1-hake-age",1,"D1","F0","G0","X1","hake-age",0.0404553,"#V3.24O",1.23333333333333,FALSE,"D1-F0-G0-X1-hake-age-1"
"14",1345900,409881,5007440,0.275166552170371,0,0.22,5,55,0.4,0.1,0.1,7e-06,2.95,2.835,-2.208,1,0,1,1,1,1,1,15,0.82,1.4,0,0,0,0,0,0,0,4.33,-1,1.1,15,-999,999,3.72,-1,1.06,15,-999,999,233695,153473,6.1431e-07,0,1.97292e-10,NA,NA,NA,5886.36,147509,NA,NA,NA,NA,77.0287,0,0,0,0,0,1222730,365334,4564780,0.307712529409961,0,NA,NA,0.22,5,55,0.4,0.1,0.1,7e-06,2.95,2.835,-2.208,1,0,1,1,1,1,14.9074,0.82,1.4,0,0,0,0,0,0.00388279,0,4.32963,-1,1.08898,15,-999,999,3.7407,-1,1.07683,15,-999,999,233695,9458790,4.65675e-12,0,9457480,NA,NA,NA,1225.54,NA,NA,NA,NA,NA,78.4161,0,0,0.000893004,0,0,NA,NA,NA,NA,NA,NA,NA,"D1-F0-G0-X1-hake-age",2,"D1","F0","G0","X1","hake-age",0.00335449,"#V3.24O",0.966666666666667,FALSE,"D1-F0-G0-X1-hake-age-2"
"15",1345900,409881,5007440,0.152746712891218,0,0.22,5,55,0.4,0.1,0.1,7e-06,2.95,2.835,-2.208,1,0,1,1,1,1,1,15,0.82,1.4,0,0,0,0,0,0,0,4.33,-1,1.1,15,-999,999,3.72,-1,1.06,15,-999,999,139315,153829,7.89645e-07,0,1.09678e-10,NA,NA,NA,6013.49,147735,NA,NA,NA,NA,80.0354,0,0,0,0,0,4273030,1289330,15979500,0.269667386338747,0,NA,NA,0.22,5,55,0.4,0.1,0.1,7e-06,2.95,2.835,-2.208,1,0,1,1,1,1,16.1604,0.82,1.4,0,0,0,0,0,1.23517,0,4.32984,-1,1.10001,15,-999,999,3.72001,-1,1.06,15,-999,999,139315,9519850,2.46355e-06,0,9447390,NA,NA,NA,72424.4,NA,NA,NA,NA,NA,33.5872,0,0,0.000897785,0,0,NA,NA,NA,NA,NA,NA,NA,"D1-F0-G0-X1-hake-age",3,"D1","F0","G0","X1","hake-age",29039900,"#V3.24O",0.316666666666667,FALSE,"D1-F0-G0-X1-hake-age-3"
"16",1345900,409881,5007440,0.129570598948764,0,0.22,5,55,0.4,0.1,0.1,7e-06,2.95,2.835,-2.208,1,0,1,1,1,1,1,15,0.82,1.4,0,0,0,0,0,0,0,4.33,-1,1.1,15,-999,999,3.72,-1,1.06,15,-999,999,136310,153110,7.54748e-07,0,1.8545e-10,NA,NA,NA,5681.28,147353,NA,NA,NA,NA,75.6709,0,0,0,0,0,5505520,1659580,20842400,0.237230357348482,0,NA,NA,0.22,5,55,0.4,0.1,0.1,7e-06,2.95,2.835,-2.208,1,0,1,1,1,1,16.4261,0.82,1.4,0,0,0,0,0,1.19029,0,4.32652,-1,1.10069,15,-999,999,3.7218,-1,1.05945,15,-999,999,136310,9472580,3.04821e-05,0,9397960,NA,NA,NA,74585,NA,NA,NA,NA,NA,33.9743,0,0,0.000897744,0,0,NA,NA,NA,NA,NA,NA,NA,"D1-F0-G0-X1-hake-age",4,"D1","F0","G0","X1","hake-age",10308800000,"#V3.24O",0.283333333333333,FALSE,"D1-F0-G0-X1-hake-age-4"
"17",1345900,409881,5007440,0.895255859281389,0,0.22,5,55,0.4,0.1,0.1,7e-06,2.95,2.835,-2.208,1,0,1,1,1,1,1,15,0.82,1.4,0,0,0,0,0,0,0,4.33,-1,1.1,15,-999,999,3.72,-1,1.06,15,-999,999,809249,153707,5.60643e-07,0,1.49402e-10,NA,NA,NA,6207.15,147425,NA,NA,NA,NA,74.9691,0,0,0,0,0,1232340,368949,4676770,0.986728019551956,0,NA,NA,0.22,5,55,0.4,0.1,0.1,7e-06,2.95,2.835,-2.208,1,0,1,1,1,1,14.9317,0.82,1.4,0,0,0,0,0,-0.0132833,0,4.32699,-1,1.09758,15,-999,999,3.68673,-1,1.03325,15,-999,999,809249,9620780,3.76592e-12,0,9619410,NA,NA,NA,1299.07,NA,NA,NA,NA,NA,73.9675,0,0,0.00091987,0,0,NA,NA,NA,NA,NA,NA,NA,"D1-F0-G0-X1-hake-age",5,"D1","F0","G0","X1","hake-age",0.0279422,"#V3.24O",1.15,FALSE,"D1-F0-G0-X1-hake-age-5"
"18",1345900,409881,5007440,0.175377238668861,0,0.22,5,55,0.4,0.1,0.1,7e-06,2.95,2.835,-2.208,1,0,1,1,1,1,1,15,0.82,1.4,0,0,0,0,0,0,0,4.33,-1,1.1,15,-999,999,3.72,-1,1.06,15,-999,999,159365,152980,3.82774e-07,0,2.24212e-10,NA,NA,NA,5626.39,147292,NA,NA,NA,NA,60.9233,0,0,0,0,0,1463960,435987,5417230,0.161004793962966,0,NA,NA,0.22,5,55,0.4,0.1,0.1,7e-06,2.95,2.835,-2.208,1,0,1,1,1,1,15.0787,0.82,1.4,0,0,0,0,0,-0.0129302,0,4.2952,-1,1.07585,15,-999,999,3.70055,-1,1.04751,15,-999,999,159365,9484280,3.38622e-12,0,9482990,NA,NA,NA,1217.02,NA,NA,NA,NA,NA,66.839,0,0,0.000924993,0,0,NA,NA,NA,NA,NA,NA,NA,"D1-F0-G0-X1-hake-age",6,"D1","F0","G0","X1","hake-age",0.0130818,"#V3.24O",0.75,FALSE,"D1-F0-G0-X1-hake-age-6"
"19",1207130,373568,5007440,0.105489032319908,NA,0.22,5,55,0.4,0.1,0.1,7e-06,2.95,2.835,-2.208,1,0,1,1,1,1,1,15,0.82,1.4,0,0,0,0,0,0,0,4.33,-1,1.1,15,-999,999,3.72,-1,1.06,15,-999,999,99775.4,266256,96970.1,0,25.2786,NA,NA,NA,6021.6,163145,NA,NA,NA,NA,93.0723,0,0,0,0,0,854980,255981,3546830,0.154966829535106,0,NA,NA,0.22,5,55,0.4,0.1,0.1,7e-06,2.95,2.835,-2.208,1,0,1,1,1,1,14.6551,0.82,1.4,0,0,0,0,0,-0.00395743,0,4.32457,-1,1.09278,15,-999,999,3.72065,-1,1.05423,15,-999,999,99775.4,9234220,4.08034e-12,0,9232900,NA,NA,NA,1250.33,NA,NA,NA,NA,NA,74.7301,0,0,0.000906951,0,0,NA,NA,NA,NA,NA,NA,NA,"D1-F0-G1-X1-hake-age",1,"D1","F0","G1","X1","hake-age",0.0178865,"#V3.24O",1.13333333333333,FALSE,"D1-F0-G1-X1-hake-age-1"
"20",1207130,373568,5007440,0.198885458437844,NA,0.22,5,55,0.4,0.1,0.1,7e-06,2.95,2.835,-2.208,1,0,1,1,1,1,1,15,0.82,1.4,0,0,0,0,0,0,0,4.33,-1,1.1,15,-999,999,3.72,-1,1.06,15,-999,999,173837,268314,99290.6,0,26.1828,NA,NA,NA,5820.21,163099,NA,NA,NA,NA,77.0287,0,0,0,0,0,1098190,327759,4505500,0.224807457551881,0,NA,NA,0.22,5,55,0.4,0.1,0.1,7e-06,2.95,2.835,-2.208,1,0,1,1,1,1,14.8944,0.82,1.4,0,0,0,0,0,0.000596096,0,4.33979,-1,1.10048,15,-999,999,3.71731,-1,1.05069,15,-999,999,173837,9287010,4.69274e-12,0,9285670,NA,NA,NA,1262.44,NA,NA,NA,NA,NA,79.3698,0,0,0.000903922,0,0,NA,NA,NA,NA,NA,NA,NA,"D1-F0-G1-X1-hake-age",2,"D1","F0","G1","X1","hake-age",0.00392042,"#V3.24O",1.03333333333333,FALSE,"D1-F0-G1-X1-hake-age-2"
"21",1207130,373568,5007440,0.0974142475995718,NA,0.22,5,55,0.4,0.1,0.1,7e-06,2.95,2.835,-2.208,1,0,1,1,1,1,1,15,0.82,1.4,0,0,0,0,0,0,0,4.33,-1,1.1,15,-999,999,3.72,-1,1.06,15,-999,999,91913.9,273426,104080,0,27.5747,NA,NA,NA,5931.76,163306,NA,NA,NA,NA,80.0354,0,0,0,0,0,3734980,1113560,15449100,0.0300724961324608,0,NA,NA,0.22,5,55,0.4,0.1,0.1,7e-06,2.95,2.835,-2.208,1,0,1,1,1,1,16.1266,0.82,1.4,0,0,0,0,0,1.15599,0,4.31841,-1,1.10056,15,-999,999,3.7324,-1,1.0565,15,-999,999,91913.9,9327010,0.000155492,0,9249240,NA,NA,NA,77741.4,NA,NA,NA,NA,NA,33.8202,0,0,0.000899828,0,0,NA,NA,NA,NA,NA,NA,NA,"D1-F0-G1-X1-hake-age",3,"D1","F0","G1","X1","hake-age",4901710000,"#V3.24O",0.316666666666667,FALSE,"D1-F0-G1-X1-hake-age-3"
"22",1207130,373568,5007440,0.0962519770581375,NA,0.22,5,55,0.4,0.1,0.1,7e-06,2.95,2.835,-2.208,1,0,1,1,1,1,1,15,0.82,1.4,0,0,0,0,0,0,0,4.33,-1,1.1,15,-999,999,3.72,-1,1.06,15,-999,999,105207,260189,91686.8,0,23.8168,NA,NA,NA,5628.25,162774,NA,NA,NA,NA,75.6709,0,0,0,0,0,5040090,1513210,20750400,0.0403579690030072,0,NA,NA,0.22,5,55,0.4,0.1,0.1,7e-06,2.95,2.835,-2.208,1,0,1,1,1,1,16.4216,0.82,1.4,0,0,0,0,0,1.10717,0,4.32801,-1,1.09753,15,-999,999,3.72995,-1,1.05697,15,-999,999,105207,9310830,0.000238166,0,9228750,NA,NA,NA,82048.5,NA,NA,NA,NA,NA,33.913,0,0,0.000901377,0,0,NA,NA,NA,NA,NA,NA,NA,"D1-F0-G1-X1-hake-age",4,"D1","F0","G1","X1","hake-age",1.60643e+11,"#V3.24O",0.333333333333333,FALSE,"D1-F0-G1-X1-hake-age-4"
"23",1207130,373568,5007440,0.700317926924736,NA,0.22,5,55,0.4,0.1,0.1,7e-06,2.95,2.835,-2.208,1,0,1,1,1,1,1,15,0.82,1.4,0,0,0,0,0,0,0,4.33,-1,1.1,15,-999,999,3.72,-1,1.06,15,-999,999,653488,270490,101156,0,26.8336,NA,NA,NA,6155.53,163076,NA,NA,NA,NA,74.9691,0,0,0,0,0,1084310,338706,4617040,0.789204771888483,0,NA,NA,0.22,5,55,0.4,0.1,0.1,7e-06,2.95,2.835,-2.208,1,0,1,1,1,1,14.9188,0.82,1.4,0,0,0,0,0,-0.00740044,0,4.31084,-1,1.0835,15,-999,999,3.69466,-1,1.05216,15,-999,999,653488,9441180,4.26542e-12,0,9439850,NA,NA,NA,1248.67,NA,NA,NA,NA,NA,75.0586,0,0,0.000916049,0,0,NA,NA,NA,NA,NA,NA,NA,"D1-F0-G1-X1-hake-age",5,"D1","F0","G1","X1","hake-age",0.00338541,"#V3.24O",1,FALSE,"D1-F0-G1-X1-hake-age-5"
"24",1207130,373568,5007440,0.131291238636908,NA,0.22,5,55,0.4,0.1,0.1,7e-06,2.95,2.835,-2.208,1,0,1,1,1,1,1,15,0.82,1.4,0,0,0,0,0,0,0,4.33,-1,1.1,15,-999,999,3.72,-1,1.06,15,-999,999,123369,265956,97364.4,0,25.5608,NA,NA,NA,5571.94,162933,NA,NA,NA,NA,60.9233,0,0,0,0,0,1310750,394375,5448660,0.11985974533188,0,NA,NA,0.22,5,55,0.4,0.1,0.1,7e-06,2.95,2.835,-2.208,1,0,1,1,1,1,15.0844,0.82,1.4,0,0,0,0,0,-0.00833622,0,4.26905,-1,1.04706,15,-999,999,3.7004,-1,1.05344,15,-999,999,123369,9317030,3.53074e-12,0,9315760,NA,NA,NA,1203.53,NA,NA,NA,NA,NA,66.6158,0,0,0.000942209,0,0,NA,NA,NA,NA,NA,NA,NA,"D1-F0-G1-X1-hake-age",6,"D1","F0","G1","X1","hake-age",0.0209869,"#V3.24O",0.833333333333333,FALSE,"D1-F0-G1-X1-hake-age-6"
"25",215129000,32.052,580652000,0.323360635974732,0,0.08,18,62,0.047,0.13,0.13,9.77e-06,3.17125,14.6,-0.474,137900,36500,1,1,1,1,1,5.6,0.44,0.5,0,0,0,0,0,0,0,21.2,-1,4.08,15,-999,999,18.28,-1,4.08,15,-999,999,33.2495,329061,1.43431e-07,0,-178.211,NA,NA,NA,11547.5,317628,NA,NA,NA,NA,63.206,0,0,0,0,0,204744000,29.2803,553032000,0.361049631847705,0,NA,NA,0.08,18,62,0.047,0.13,0.13,9.77e-06,3.17125,14.6,-0.474,137900,36500,1,1,1,1,5.55126,0.44,0.5,0,0,0,0,0,0.00763078,0,21.3557,-1,4.09418,15,-999,999,18.1592,-1,4.05477,15,-999,999,33.2495,5239170,5.96137e-09,0,5234550,NA,NA,NA,4620.65,NA,NA,NA,NA,NA,-8.9916,0,0,0.000900125,0,0,NA,NA,NA,NA,NA,NA,NA,"D2-F0-G0-X2-yellow-age",1,"D2","F0","G0","X2","yellow-age",0.21931,"#V3.24O",3.41666666666667,FALSE,"D2-F0-G0-X2-yellow-age-1"
"26",215129000,32.052,580652000,0.33927205968463,0,0.08,18,62,0.047,0.13,0.13,9.77e-06,3.17125,14.6,-0.474,137900,36500,1,1,1,1,1,5.6,0.44,0.5,0,0,0,0,0,0,0,21.2,-1,4.08,15,-999,999,18.28,-1,4.08,15,-999,999,35.1278,329018,1.1899e-07,0,-178.211,NA,NA,NA,11509.2,317632,NA,NA,NA,NA,54.9667,0,0,0,0,0,222250000,31.5841,600188000,0.340749898365179,0,NA,NA,0.08,18,62,0.047,0.13,0.13,9.77e-06,3.17125,14.6,-0.474,137900,36500,1,1,1,1,5.63309,0.44,0.5,0,0,0,0,0,0.00562658,0,21.3795,-1,4.0995,15,-999,999,18.1043,-1,4.0477,15,-999,999,35.1278,5300910,4.90327e-09,0,5296300,NA,NA,NA,4622.44,NA,NA,NA,NA,NA,-12.35,0,0,0.000900748,0,0,NA,NA,NA,NA,NA,NA,NA,"D2-F0-G0-X2-yellow-age",2,"D2","F0","G0","X2","yellow-age",0.0848684,"#V3.24O",3.55,FALSE,"D2-F0-G0-X2-yellow-age-2"
"27",215129000,32.052,580652000,0.330847047801437,0,0.08,18,62,0.047,0.13,0.13,9.77e-06,3.17125,14.6,-0.474,137900,36500,1,1,1,1,1,5.6,0.44,0.5,0,0,0,0,0,0,0,21.2,-1,4.08,15,-999,999,18.28,-1,4.08,15,-999,999,33.8824,329215,9.43225e-08,0,-178.211,NA,NA,NA,11679,317657,NA,NA,NA,NA,57.1369,0,0,0,0,0,221516000,31.4834,599914000,0.332392642945489,0,NA,NA,0.08,18,62,0.047,0.13,0.13,9.77e-06,3.17125,14.6,-0.474,137900,36500,1,1,1,1,5.63264,0.44,0.5,0,0,0,0,0,0.022759,0,21.2391,-1,4.09113,15,-999,999,18.596,-1,4.12095,15,-999,999,33.8824,5324700,4.45617e-09,0,5320090,NA,NA,NA,4620.7,NA,NA,NA,NA,NA,-10.4222,0,0,0.000886736,0,0,NA,NA,NA,NA,NA,NA,NA,"D2-F0-G0-X2-yellow-age",3,"D2","F0","G0","X2","yellow-age",2.9158e-06,"#V3.24O",3.43333333333333,FALSE,"D2-F0-G0-X2-yellow-age-3"
"28",215129000,32.052,580652000,0.361748517184131,0,0.08,18,62,0.047,0.13,0.13,9.77e-06,3.17125,14.6,-0.474,137900,36500,1,1,1,1,1,5.6,0.44,0.5,0,0,0,0,0,0,0,21.2,-1,4.08,15,-999,999,18.28,-1,4.08,15,-999,999,37.2381,329217,1.14138e-07,0,-178.211,NA,NA,NA,11709.7,317632,NA,NA,NA,NA,53.3458,0,0,0,0,0,225423000,32.1678,609327000,0.375254994444691,0,NA,NA,0.08,18,62,0.047,0.13,0.13,9.77e-06,3.17125,14.6,-0.474,137900,36500,1,1,1,1,5.6482,0.44,0.5,0,0,0,0,0,-0.0249596,0,21.1366,-1,4.06738,15,-999,999,18.3227,-1,4.07851,15,-999,999,37.2381,5323400,4.17201e-09,0,5318790,NA,NA,NA,4630.9,NA,NA,NA,NA,NA,-15.886,0,0,0.000900725,0,0,NA,NA,NA,NA,NA,NA,NA,"D2-F0-G0-X2-yellow-age",4,"D2","F0","G0","X2","yellow-age",0.000125747,"#V3.24O",3.51666666666667,FALSE,"D2-F0-G0-X2-yellow-age-4"
"29",215129000,32.052,580652000,0.329329787893609,0,0.08,18,62,0.047,0.13,0.13,9.77e-06,3.17125,14.6,-0.474,137900,36500,1,1,1,1,1,5.6,0.44,0.5,0,0,0,0,0,0,0,21.2,-1,4.08,15,-999,999,18.28,-1,4.08,15,-999,999,33.9855,328919,1.15953e-07,0,-178.211,NA,NA,NA,11412.4,317632,NA,NA,NA,NA,53.4033,0,0,0,0,0,219331000,31.4591,593010000,0.334596381174011,0,NA,NA,0.08,18,62,0.047,0.13,0.13,9.77e-06,3.17125,14.6,-0.474,137900,36500,1,1,1,1,5.62106,0.44,0.5,0,0,0,0,0,0.0066268,0,21.2026,-1,4.07734,15,-999,999,18.3486,-1,4.08989,15,-999,999,33.9855,5299410,4.80491e-09,0,5294700,NA,NA,NA,4732.02,NA,NA,NA,NA,NA,-16.2404,0,0,0.000896298,0,0,NA,NA,NA,NA,NA,NA,NA,"D2-F0-G0-X2-yellow-age",5,"D2","F0","G0","X2","yellow-age",0.373725,"#V3.24O",3.43333333333333,FALSE,"D2-F0-G0-X2-yellow-age-5"
"30",215129000,32.052,580652000,0.356816130832237,0,0.08,18,62,0.047,0.13,0.13,9.77e-06,3.17125,14.6,-0.474,137900,36500,1,1,1,1,1,5.6,0.44,0.5,0,0,0,0,0,0,0,21.2,-1,4.08,15,-999,999,18.28,-1,4.08,15,-999,999,36.8103,328968,9.35868e-08,0,-178.211,NA,NA,NA,11488.6,317614,NA,NA,NA,NA,43.6296,0,0,0,0,0,228566000,32.8267,614313000,0.356928796883673,0,NA,NA,0.08,18,62,0.047,0.13,0.13,9.77e-06,3.17125,14.6,-0.474,137900,36500,1,1,1,1,5.65635,0.44,0.5,0,0,0,0,0,-0.0128436,0,21.2644,-1,4.10652,15,-999,999,18.346,-1,4.09385,15,-999,999,36.8103,5313050,4.22364e-09,0,5308420,NA,NA,NA,4645.88,NA,NA,NA,NA,NA,-22.975,0,0,0.000889933,0,0,NA,NA,NA,NA,NA,NA,NA,"D2-F0-G0-X2-yellow-age",6,"D2","F0","G0","X2","yellow-age",4.0317e-05,"#V3.24O",3.35,FALSE,"D2-F0-G0-X2-yellow-age-6"
"31",222859000,0,580652000,0.180953479881237,0,0.08,18,62,0.047,0.13,0.13,9.77e-06,3.17125,14.6,-0.474,137900,36500,1,1,1,1,1,5.6,0.44,0.5,0,0,0,0,0,0,0,21.2,-1,4.08,15,-999,999,18.28,-1,4.08,15,-999,999,21.5396,353957,24763.3,0,-76.1444,NA,NA,NA,11804.1,317403,NA,NA,NA,NA,63.206,0,0,0,0,0,213729000,0,556863000,0.194981530466201,0,NA,NA,0.08,18,62,0.047,0.13,0.13,9.77e-06,3.17125,14.6,-0.474,137900,36500,1,1,1,1,5.55817,0.44,0.5,0,0,0,0,0,0.0399194,0,21.4072,-1,4.10588,15,-999,999,18.5618,-1,4.1116,15,-999,999,21.5396,5221410,8.85596e-09,0,5216850,NA,NA,NA,4576.06,NA,NA,NA,NA,NA,-7.81414,0,0,0.000885099,0,0,NA,NA,NA,NA,NA,NA,NA,"D2-F0-G1-X2-yellow-age",1,"D2","F0","G1","X2","yellow-age",0.00726892,"#V3.24O",3.43333333333333,FALSE,"D2-F0-G1-X2-yellow-age-1"
"32",223626000,0,580652000,0.188739554845243,0,0.08,18,62,0.047,0.13,0.13,9.77e-06,3.17125,14.6,-0.474,137900,36500,1,1,1,1,1,5.6,0.44,0.5,0,0,0,0,0,0,0,21.2,-1,4.08,15,-999,999,18.28,-1,4.08,15,-999,999,22.5137,354448,25364.4,0,-73.7221,NA,NA,NA,11695.6,317406,NA,NA,NA,NA,54.9667,0,0,0,0,0,230530000,0,598576000,0.190119550399615,0,NA,NA,0.08,18,62,0.047,0.13,0.13,9.77e-06,3.17125,14.6,-0.474,137900,36500,1,1,1,1,5.6304,0.44,0.5,0,0,0,0,0,0.0129108,0,21.1689,-1,4.07152,15,-999,999,18.3186,-1,4.07785,15,-999,999,22.5137,5281230,7.64931e-09,0,5276620,NA,NA,NA,4617.63,NA,NA,NA,NA,NA,-11.2835,0,0,0.000899931,0,0,NA,NA,NA,NA,NA,NA,NA,"D2-F0-G1-X2-yellow-age",2,"D2","F0","G1","X2","yellow-age",1.37879e-06,"#V3.24O",3.41666666666667,FALSE,"D2-F0-G1-X2-yellow-age-2"
"33",222900000,0,580652000,0.184718213318821,0,0.08,18,62,0.047,0.13,0.13,9.77e-06,3.17125,14.6,-0.474,137900,36500,1,1,1,1,1,5.6,0.44,0.5,0,0,0,0,0,0,0,21.2,-1,4.08,15,-999,999,18.28,-1,4.08,15,-999,999,21.8839,354479,25181.3,0,-74.9883,NA,NA,NA,11884.2,317431,NA,NA,NA,NA,57.1369,0,0,0,0,0,223179000,0,581378000,0.189429252568897,0,NA,NA,0.08,18,62,0.047,0.13,0.13,9.77e-06,3.17125,14.6,-0.474,137900,36500,1,1,1,1,5.60125,0.44,0.5,0,0,0,0,0,0.0395987,0,21.1656,-1,4.07576,15,-999,999,18.3182,-1,4.06091,15,-999,999,21.8839,5305050,7.42592e-09,0,5300440,NA,NA,NA,4621.53,NA,NA,NA,NA,NA,-11.7332,0,0,0.000902297,0,0,NA,NA,NA,NA,NA,NA,NA,"D2-F0-G1-X2-yellow-age",3,"D2","F0","G1","X2","yellow-age",2.4499e-06,"#V3.24O",3.56666666666667,FALSE,"D2-F0-G1-X2-yellow-age-3"
"34",223051000,0,580652000,0.201278907159538,0,0.08,18,62,0.047,0.13,0.13,9.77e-06,3.17125,14.6,-0.474,137900,36500,1,1,1,1,1,5.6,0.44,0.5,0,0,0,0,0,0,0,21.2,-1,4.08,15,-999,999,18.28,-1,4.08,15,-999,999,23.9672,354643,25325.8,0,-74.0803,NA,NA,NA,11930.9,317407,NA,NA,NA,NA,53.3458,0,0,0,0,0,233470000,0,607775000,0.208282670396117,0,NA,NA,0.08,18,62,0.047,0.13,0.13,9.77e-06,3.17125,14.6,-0.474,137900,36500,1,1,1,1,5.64565,0.44,0.5,0,0,0,0,0,-0.0184152,0,21.3313,-1,4.09643,15,-999,999,18.3616,-1,4.08201,15,-999,999,23.9672,5302450,6.4464e-09,0,5297830,NA,NA,NA,4634.56,NA,NA,NA,NA,NA,-16.792,0,0,0.000893539,0,0,NA,NA,NA,NA,NA,NA,NA,"D2-F0-G1-X2-yellow-age",4,"D2","F0","G1","X2","yellow-age",0.456972,"#V3.24O",3.36666666666667,FALSE,"D2-F0-G1-X2-yellow-age-4"
"35",223097000,0,580652000,0.184597659183125,0,0.08,18,62,0.047,0.13,0.13,9.77e-06,3.17125,14.6,-0.474,137900,36500,1,1,1,1,1,5.6,0.44,0.5,0,0,0,0,0,0,0,21.2,-1,4.08,15,-999,999,18.28,-1,4.08,15,-999,999,21.981,353810,24774.9,0,-76.4354,NA,NA,NA,11651.8,317407,NA,NA,NA,NA,53.4033,0,0,0,0,0,230837000,0,600798000,0.189000296272624,0,NA,NA,0.08,18,62,0.047,0.13,0.13,9.77e-06,3.17125,14.6,-0.474,137900,36500,1,1,1,1,5.63411,0.44,0.5,0,0,0,0,0,-0.00883531,0,21.173,-1,4.07152,15,-999,999,18.3005,-1,4.09359,15,-999,999,21.981,5281530,7.22905e-09,0,5276860,NA,NA,NA,4683.22,NA,NA,NA,NA,NA,-15.2937,0,0,0.000897127,0,0,NA,NA,NA,NA,NA,NA,NA,"D2-F0-G1-X2-yellow-age",5,"D2","F0","G1","X2","yellow-age",2.90922e-06,"#V3.24O",3.43333333333333,FALSE,"D2-F0-G1-X2-yellow-age-5"
"36",223146000,0,580652000,0.198941879128979,0,0.08,18,62,0.047,0.13,0.13,9.77e-06,3.17125,14.6,-0.474,137900,36500,1,1,1,1,1,5.6,0.44,0.5,0,0,0,0,0,0,0,21.2,-1,4.08,15,-999,999,18.28,-1,4.08,15,-999,999,23.7019,354341,25272.2,0,-74.2006,NA,NA,NA,11710.2,317388,NA,NA,NA,NA,43.6296,0,0,0,0,0,241404000,0,628161000,0.199143213284492,0,NA,NA,0.08,18,62,0.047,0.13,0.13,9.77e-06,3.17125,14.6,-0.474,137900,36500,1,1,1,1,5.67864,0.44,0.5,0,0,0,0,0,-0.0355629,0,21.1191,-1,4.08394,15,-999,999,18.3834,-1,4.11773,15,-999,999,23.7019,5293640,6.22282e-09,0,5289090,NA,NA,NA,4569.93,NA,NA,NA,NA,NA,-21.4608,0,0,0.000890273,0,0,NA,NA,NA,NA,NA,NA,NA,"D2-F0-G1-X2-yellow-age",6,"D2","F0","G1","X2","yellow-age",0.33976,"#V3.24O",3.41666666666667,FALSE,"D2-F0-G1-X2-yellow-age-6"
"37",1345900,409881,5007440,0.14606825044334,0,0.22,5,55,0.4,0.1,0.1,7e-06,2.95,2.835,-2.208,1,0,1,1,1,1,1,15,0.82,1.4,0,0,0,0,0,0,0,4.33,-1,1.1,15,-999,999,3.72,-1,1.06,15,-999,999,133548,153618,3.90644e-07,0,1.49764e-10,NA,NA,NA,6079.37,147445,NA,NA,NA,NA,93.0723,0,0,0,0,0,875741,258619,3227530,0.225708823775457,0,NA,NA,0.22,5,55,0.4,0.1,0.1,7e-06,2.95,2.835,-2.208,1,0,1,1,1,1,14.5608,0.82,1.4,0,0,0,0,0,0.0115122,0,4.36629,-1,1.12208,15,-999,999,3.70137,-1,1.04606,15,-999,999,133548,9391160,4.93226e-12,0,9389910,NA,NA,NA,1167.71,NA,NA,NA,NA,NA,87.3313,0,0,0.000892632,0,0,NA,NA,NA,NA,NA,NA,NA,"D2-F0-G0-X2-hake-age",1,"D2","F0","G0","X2","hake-age",1196.78,"#V3.24O",1.13333333333333,FALSE,"D2-F0-G0-X2-hake-age-1"
"38",1345900,409881,5007440,0.275166552170371,0,0.22,5,55,0.4,0.1,0.1,7e-06,2.95,2.835,-2.208,1,0,1,1,1,1,1,15,0.82,1.4,0,0,0,0,0,0,0,4.33,-1,1.1,15,-999,999,3.72,-1,1.06,15,-999,999,233695,153473,6.1431e-07,0,1.97292e-10,NA,NA,NA,5886.36,147509,NA,NA,NA,NA,77.0287,0,0,0,0,0,1241460,362408,4603470,0.3068576530313,0,NA,NA,0.22,5,55,0.4,0.1,0.1,7e-06,2.95,2.835,-2.208,1,0,1,1,1,1,14.9159,0.82,1.4,0,0,0,0,0,-0.0155419,0,4.37283,-1,1.10444,15,-999,999,3.71814,-1,1.06841,15,-999,999,233695,9458770,3.7141e-12,0,9457480,NA,NA,NA,1204.07,NA,NA,NA,NA,NA,77.6217,0,0,0.000887918,0,0,NA,NA,NA,NA,NA,NA,NA,"D2-F0-G0-X2-hake-age",2,"D2","F0","G0","X2","hake-age",0.0337988,"#V3.24O",0.833333333333333,FALSE,"D2-F0-G0-X2-hake-age-2"
"39",1345900,409881,5007440,0.152746712891218,0,0.22,5,55,0.4,0.1,0.1,7e-06,2.95,2.835,-2.208,1,0,1,1,1,1,1,15,0.82,1.4,0,0,0,0,0,0,0,4.33,-1,1.1,15,-999,999,3.72,-1,1.06,15,-999,999,139315,153829,7.89645e-07,0,1.09678e-10,NA,NA,NA,6013.49,147735,NA,NA,NA,NA,80.0354,0,0,0,0,0,3546530,1046440,13076800,0.0469777774379053,0,NA,NA,0.22,5,55,0.4,0.1,0.1,7e-06,2.95,2.835,-2.208,1,0,1,1,1,1,15.9599,0.82,1.4,0,0,0,0,0,1.48633,0,4.32994,-1,1.1,15,-999,999,3.72,-1,1.06,15,-999,999,139315,9469070,0.000378951,0,9429170,NA,NA,NA,39865.4,NA,NA,NA,NA,NA,38.2382,0,0,0.000897786,0,0,NA,NA,NA,NA,NA,NA,NA,"D2-F0-G0-X2-hake-age",3,"D2","F0","G0","X2","hake-age",6494710000,"#V3.24O",0.266666666666667,FALSE,"D2-F0-G0-X2-hake-age-3"
"40",1345900,409881,5007440,0.129570598948764,0,0.22,5,55,0.4,0.1,0.1,7e-06,2.95,2.835,-2.208,1,0,1,1,1,1,1,15,0.82,1.4,0,0,0,0,0,0,0,4.33,-1,1.1,15,-999,999,3.72,-1,1.06,15,-999,999,136310,153110,7.54748e-07,0,1.8545e-10,NA,NA,NA,5681.28,147353,NA,NA,NA,NA,75.6709,0,0,0,0,0,1301680,397609,4914200,0.139748483985186,0,NA,NA,0.22,5,55,0.4,0.1,0.1,7e-06,2.95,2.835,-2.208,1,0,1,1,1,1,14.9812,0.82,1.4,0,0,0,0,0,-0.0102557,0,4.35243,-1,1.11715,15,-999,999,3.73315,-1,1.07049,15,-999,999,136310,9380980,3.88387e-12,0,9379720,NA,NA,NA,1189.71,NA,NA,NA,NA,NA,71.8158,0,0,0.000877924,0,0,NA,NA,NA,NA,NA,NA,NA,"D2-F0-G0-X2-hake-age",4,"D2","F0","G0","X2","hake-age",0.0797901,"#V3.24O",0.683333333333333,FALSE,"D2-F0-G0-X2-hake-age-4"
"41",1345900,409881,5007440,0.895255859281389,0,0.22,5,55,0.4,0.1,0.1,7e-06,2.95,2.835,-2.208,1,0,1,1,1,1,1,15,0.82,1.4,0,0,0,0,0,0,0,4.33,-1,1.1,15,-999,999,3.72,-1,1.06,15,-999,999,809249,153707,5.60643e-07,0,1.49402e-10,NA,NA,NA,6207.15,147425,NA,NA,NA,NA,74.9691,0,0,0,0,0,1317630,385683,4901460,0.969343828165485,0,NA,NA,0.22,5,55,0.4,0.1,0.1,7e-06,2.95,2.835,-2.208,1,0,1,1,1,1,14.9786,0.82,1.4,0,0,0,0,0,-0.0304427,0,4.35841,-1,1.1332,15,-999,999,3.67916,-1,1.03021,15,-999,999,809249,9620710,2.94243e-12,0,9619400,NA,NA,NA,1229.14,NA,NA,NA,NA,NA,72.1301,0,0,0.000897804,0,0,NA,NA,NA,NA,NA,NA,NA,"D2-F0-G0-X2-hake-age",5,"D2","F0","G0","X2","hake-age",0.0116722,"#V3.24O",0.7,FALSE,"D2-F0-G0-X2-hake-age-5"
"42",1345900,409881,5007440,0.175377238668861,0,0.22,5,55,0.4,0.1,0.1,7e-06,2.95,2.835,-2.208,1,0,1,1,1,1,1,15,0.82,1.4,0,0,0,0,0,0,0,4.33,-1,1.1,15,-999,999,3.72,-1,1.06,15,-999,999,159365,152980,3.82774e-07,0,2.24212e-10,NA,NA,NA,5626.39,147292,NA,NA,NA,NA,60.9233,0,0,0,0,0,1488790,445050,5518680,0.155969724644299,0,NA,NA,0.22,5,55,0.4,0.1,0.1,7e-06,2.95,2.835,-2.208,1,0,1,1,1,1,15.0972,0.82,1.4,0,0,0,0,0,0.00887076,0,4.33429,-1,1.10479,15,-999,999,3.76024,-1,1.08248,15,-999,999,159365,9484270,4.05558e-12,0,9482990,NA,NA,NA,1217.05,NA,NA,NA,NA,NA,65.6126,0,0,0.000877681,0,0,NA,NA,NA,NA,NA,NA,NA,"D2-F0-G0-X2-hake-age",6,"D2","F0","G0","X2","hake-age",0.0125913,"#V3.24O",1.3,FALSE,"D2-F0-G0-X2-hake-age-6"
"43",1207130,373568,5007440,0.105489032319908,NA,0.22,5,55,0.4,0.1,0.1,7e-06,2.95,2.835,-2.208,1,0,1,1,1,1,1,15,0.82,1.4,0,0,0,0,0,0,0,4.33,-1,1.1,15,-999,999,3.72,-1,1.06,15,-999,999,99775.4,266256,96970.1,0,25.2786,NA,NA,NA,6021.6,163145,NA,NA,NA,NA,93.0723,0,0,0,0,0,1644300,493672,6805350,0.0325729022019441,0,NA,NA,0.22,5,55,0.4,0.1,0.1,7e-06,2.95,2.835,-2.208,1,0,1,1,1,1,15.3068,0.82,1.4,0,0,0,0,0,1.9142,0,4.32852,-1,1.10058,15,-999,999,3.72087,-1,1.05976,15,-999,999,99775.4,9283280,0.061258,0,9252600,NA,NA,NA,30643.2,NA,NA,NA,NA,NA,42.4737,0,0,0.000897574,0,0,NA,NA,NA,NA,NA,NA,NA,"D2-F0-G1-X2-hake-age",1,"D2","F0","G1","X2","hake-age",23470300,"#V3.24O",0.216666666666667,FALSE,"D2-F0-G1-X2-hake-age-1"
"44",1207130,373568,5007440,0.198885458437844,NA,0.22,5,55,0.4,0.1,0.1,7e-06,2.95,2.835,-2.208,1,0,1,1,1,1,1,15,0.82,1.4,0,0,0,0,0,0,0,4.33,-1,1.1,15,-999,999,3.72,-1,1.06,15,-999,999,173837,268314,99290.6,0,26.1828,NA,NA,NA,5820.21,163099,NA,NA,NA,NA,77.0287,0,0,0,0,0,1036310,316191,4379470,0.231747220554085,0,NA,NA,0.22,5,55,0.4,0.1,0.1,7e-06,2.95,2.835,-2.208,1,0,1,1,1,1,14.866,0.82,1.4,0,0,0,0,0,0.00663211,0,4.33579,-1,1.09535,15,-999,999,3.74748,-1,1.08801,15,-999,999,173837,9286960,4.58171e-12,0,9285660,NA,NA,NA,1215.17,NA,NA,NA,NA,NA,81.0233,0,0,0.000880612,0,0,NA,NA,NA,NA,NA,NA,NA,"D2-F0-G1-X2-hake-age",2,"D2","F0","G1","X2","hake-age",872.317,"#V3.24O",2.06666666666667,FALSE,"D2-F0-G1-X2-hake-age-2"
"45",1207130,373568,5007440,0.0974142475995718,NA,0.22,5,55,0.4,0.1,0.1,7e-06,2.95,2.835,-2.208,1,0,1,1,1,1,1,15,0.82,1.4,0,0,0,0,0,0,0,4.33,-1,1.1,15,-999,999,3.72,-1,1.06,15,-999,999,91913.9,273426,104080,0,27.5747,NA,NA,NA,5931.76,163306,NA,NA,NA,NA,80.0354,0,0,0,0,0,3031150,937907,12559800,0.151583623943056,0,NA,NA,0.22,5,55,0.4,0.1,0.1,7e-06,2.95,2.835,-2.208,1,0,1,1,1,1,15.9196,0.82,1.4,0,0,0,0,0,1.41608,0,4.32971,-1,1.1,15,-999,999,3.72003,-1,1.06,15,-999,999,91913.9,9307960,0.131919,0,9271480,NA,NA,NA,36442.5,NA,NA,NA,NA,NA,38.159,0,0,0.000897792,0,0,NA,NA,NA,NA,NA,NA,NA,"D2-F0-G1-X2-hake-age",3,"D2","F0","G1","X2","hake-age",7413750000,"#V3.24O",0.233333333333333,FALSE,"D2-F0-G1-X2-hake-age-3"
"46",1207130,373568,5007440,0.0962519770581375,NA,0.22,5,55,0.4,0.1,0.1,7e-06,2.95,2.835,-2.208,1,0,1,1,1,1,1,15,0.82,1.4,0,0,0,0,0,0,0,4.33,-1,1.1,15,-999,999,3.72,-1,1.06,15,-999,999,105207,260189,91686.8,0,23.8168,NA,NA,NA,5628.25,162774,NA,NA,NA,NA,75.6709,0,0,0,0,0,4159640,1231070,17067900,0.0940496487558516,0,NA,NA,0.22,5,55,0.4,0.1,0.1,7e-06,2.95,2.835,-2.208,1,0,1,1,1,1,16.2263,0.82,1.4,0,0,0,0,0,1.34569,0,4.32999,-1,1.1,15,-999,999,3.72,-1,1.06,15,-999,999,105207,9270330,5.44731e-05,0,9236750,NA,NA,NA,33543.2,NA,NA,NA,NA,NA,36.5688,0,0,0.000897785,0,0,NA,NA,NA,NA,NA,NA,NA,"D2-F0-G1-X2-hake-age",4,"D2","F0","G1","X2","hake-age",54354900000,"#V3.24O",0.25,FALSE,"D2-F0-G1-X2-hake-age-4"
"47",1207130,373568,5007440,0.700317926924736,NA,0.22,5,55,0.4,0.1,0.1,7e-06,2.95,2.835,-2.208,1,0,1,1,1,1,1,15,0.82,1.4,0,0,0,0,0,0,0,4.33,-1,1.1,15,-999,999,3.72,-1,1.06,15,-999,999,653488,270490,101156,0,26.8336,NA,NA,NA,6155.53,163076,NA,NA,NA,NA,74.9691,0,0,0,0,0,1215680,358567,4878800,0.745478396326966,0,NA,NA,0.22,5,55,0.4,0.1,0.1,7e-06,2.95,2.835,-2.208,1,0,1,1,1,1,14.974,0.82,1.4,0,0,0,0,0,-0.0181584,0,4.3559,-1,1.12729,15,-999,999,3.71115,-1,1.04088,15,-999,999,653488,9441150,3.26338e-12,0,9439850,NA,NA,NA,1229.27,NA,NA,NA,NA,NA,72.6313,0,0,0.000892846,0,0,NA,NA,NA,NA,NA,NA,NA,"D2-F0-G1-X2-hake-age",5,"D2","F0","G1","X2","hake-age",0.0578019,"#V3.24O",0.683333333333333,FALSE,"D2-F0-G1-X2-hake-age-5"
"48",1207130,373568,5007440,0.131291238636908,NA,0.22,5,55,0.4,0.1,0.1,7e-06,2.95,2.835,-2.208,1,0,1,1,1,1,1,15,0.82,1.4,0,0,0,0,0,0,0,4.33,-1,1.1,15,-999,999,3.72,-1,1.06,15,-999,999,123369,265956,97364.4,0,25.5608,NA,NA,NA,5571.94,162933,NA,NA,NA,NA,60.9233,0,0,0,0,0,1342090,401797,5494240,0.116280686682781,0,NA,NA,0.22,5,55,0.4,0.1,0.1,7e-06,2.95,2.835,-2.208,1,0,1,1,1,1,15.0928,0.82,1.4,0,0,0,0,0,0.00591708,0,4.35641,-1,1.10321,15,-999,999,3.72206,-1,1.06009,15,-999,999,123369,9317030,4.23771e-12,0,9315760,NA,NA,NA,1202.06,NA,NA,NA,NA,NA,64.9838,0,0,0.00089484,0,0,NA,NA,NA,NA,NA,NA,NA,"D2-F0-G1-X2-hake-age",6,"D2","F0","G1","X2","hake-age",0.0536081,"#V3.24O",0.65,FALSE,"D2-F0-G1-X2-hake-age-6"
"49",222859000,0,580652000,0.180953479881237,0,0.08,18,62,0.047,0.13,0.13,9.77e-06,3.17125,14.6,-0.474,137900,36500,1,1,1,1,1,5.6,0.44,0.5,0,0,0,0,0,0,0,21.2,-1,4.08,15,-999,999,18.28,-1,4.08,15,-999,999,21.5396,353982,24763.3,0,-52.0635,NA,NA,NA,11804.1,317403,NA,NA,NA,NA,63.206,0,0,0,0,0,182155000,0,474598000,0.212078432694617,0,NA,NA,0.08,18,62,0.047,0.13,0.13,9.77e-06,3.17125,14.6,-0.474,137900,36500,1,1,1,1,5.39832,0.44,0.5,0,0,0,0,0,-0.0466854,0,21.3113,-1,4.08142,15,-999,999,17.7014,-1,3.94955,15,-999,999,21.5396,114534,8.15097e-09,0,112070,NA,NA,NA,2484.62,NA,NA,NA,NA,NA,-20.4145,0,0,0.000926399,0,0,NA,NA,NA,NA,NA,NA,NA,"D3-F0-G1-X3-yellow-age",1,"D3","F0","G1","X3","yellow-age",0.000170339,"#V3.24O",2.83333333333333,FALSE,"D3-F0-G1-X3-yellow-age-1"
"50",223626000,0,580652000,0.188739554845243,0,0.08,18,62,0.047,0.13,0.13,9.77e-06,3.17125,14.6,-0.474,137900,36500,1,1,1,1,1,5.6,0.44,0.5,0,0,0,0,0,0,0,21.2,-1,4.08,15,-999,999,18.28,-1,4.08,15,-999,999,22.5137,354471,25364.4,0,-49.9559,NA,NA,NA,11695.6,317406,NA,NA,NA,NA,54.9667,0,0,0,0,0,200787000,0,521348000,0.165155711731895,0,NA,NA,0.08,18,62,0.047,0.13,0.13,9.77e-06,3.17125,14.6,-0.474,137900,36500,1,1,1,1,5.49227,0.44,0.5,0,0,0,0,0,0.118926,0,21.6468,-1,4.12988,15,-999,999,18.8979,-1,4.15988,15,-999,999,22.5137,115772,1.01309e-08,0,113333,NA,NA,NA,2457.15,NA,NA,NA,NA,NA,-18.1441,0,0,0.000870136,0,0,NA,NA,NA,NA,NA,NA,NA,"D3-F0-G1-X3-yellow-age",2,"D3","F0","G1","X3","yellow-age",1.10035e-05,"#V3.24O",2.96666666666667,FALSE,"D3-F0-G1-X3-yellow-age-2"
"51",222900000,0,580652000,0.184718213318821,0,0.08,18,62,0.047,0.13,0.13,9.77e-06,3.17125,14.6,-0.474,137900,36500,1,1,1,1,1,5.6,0.44,0.5,0,0,0,0,0,0,0,21.2,-1,4.08,15,-999,999,18.28,-1,4.08,15,-999,999,21.8839,354503,25181.3,0,-51.1283,NA,NA,NA,11884.2,317431,NA,NA,NA,NA,57.1369,0,0,0,0,0,212502000,0,553565000,0.197615456179491,0,NA,NA,0.08,18,62,0.047,0.13,0.13,9.77e-06,3.17125,14.6,-0.474,137900,36500,1,1,1,1,5.55223,0.44,0.5,0,0,0,0,0,-0.00114622,0,21.3846,-1,4.09525,15,-999,999,17.9806,-1,4.01126,15,-999,999,21.8839,116791,6.74238e-09,0,114364,NA,NA,NA,2448.24,NA,NA,NA,NA,NA,-20.9974,0,0,0.000909269,0,0,NA,NA,NA,NA,NA,NA,NA,"D3-F0-G1-X3-yellow-age",3,"D3","F0","G1","X3","yellow-age",0.00903607,"#V3.24O",2.55,FALSE,"D3-F0-G1-X3-yellow-age-3"
"52",223051000,0,580652000,0.201278907159538,0,0.08,18,62,0.047,0.13,0.13,9.77e-06,3.17125,14.6,-0.474,137900,36500,1,1,1,1,1,5.6,0.44,0.5,0,0,0,0,0,0,0,21.2,-1,4.08,15,-999,999,18.28,-1,4.08,15,-999,999,23.9672,354667,25325.8,0,-50.3088,NA,NA,NA,11930.9,317407,NA,NA,NA,NA,53.3458,0,0,0,0,0,218414000,0,568580000,0.209075240071758,0,NA,NA,0.08,18,62,0.047,0.13,0.13,9.77e-06,3.17125,14.6,-0.474,137900,36500,1,1,1,1,5.57899,0.44,0.5,0,0,0,0,0,-0.0885534,0,20.6588,-1,4.00315,15,-999,999,18.5078,-1,4.06267,15,-999,999,23.9672,116103,5.89998e-09,0,113725,NA,NA,NA,2398.7,NA,NA,NA,NA,NA,-21.4383,0,0,0.000917906,0,0,NA,NA,NA,NA,NA,NA,NA,"D3-F0-G1-X3-yellow-age",4,"D3","F0","G1","X3","yellow-age",1.14294e-07,"#V3.24O",3.05,FALSE,"D3-F0-G1-X3-yellow-age-4"
"53",223097000,0,580652000,0.184597659183125,0,0.08,18,62,0.047,0.13,0.13,9.77e-06,3.17125,14.6,-0.474,137900,36500,1,1,1,1,1,5.6,0.44,0.5,0,0,0,0,0,0,0,21.2,-1,4.08,15,-999,999,18.28,-1,4.08,15,-999,999,21.981,353834,24774.9,0,-52.3529,NA,NA,NA,11651.8,317407,NA,NA,NA,NA,53.4033,0,0,0,0,0,212431000,0,552893000,0.197531891342448,0,NA,NA,0.08,18,62,0.047,0.13,0.13,9.77e-06,3.17125,14.6,-0.474,137900,36500,1,1,1,1,5.55101,0.44,0.5,0,0,0,0,0,-0.0316253,0,21.2313,-1,4.10248,15,-999,999,18.9051,-1,4.19062,15,-999,999,21.981,115509,6.4524e-09,0,113007,NA,NA,NA,2522.57,NA,NA,NA,NA,NA,-20.4623,0,0,0.000871315,0,0,NA,NA,NA,NA,NA,NA,NA,"D3-F0-G1-X3-yellow-age",5,"D3","F0","G1","X3","yellow-age",0.00282674,"#V3.24O",3.15,FALSE,"D3-F0-G1-X3-yellow-age-5"
"54",223146000,0,580652000,0.198941879128979,0,0.08,18,62,0.047,0.13,0.13,9.77e-06,3.17125,14.6,-0.474,137900,36500,1,1,1,1,1,5.6,0.44,0.5,0,0,0,0,0,0,0,21.2,-1,4.08,15,-999,999,18.28,-1,4.08,15,-999,999,23.7019,354364,25272.2,0,-50.3892,NA,NA,NA,11710.2,317388,NA,NA,NA,NA,43.6296,0,0,0,0,0,211956000,0,551532000,0.192920809671968,0,NA,NA,0.08,18,62,0.047,0.13,0.13,9.77e-06,3.17125,14.6,-0.474,137900,36500,1,1,1,1,5.54855,0.44,0.5,0,0,0,0,0,-0.0466568,0,21.0738,-1,4.06828,15,-999,999,17.1747,-1,3.91058,15,-999,999,23.7019,116202,6.60169e-09,0,113767,NA,NA,NA,2464.78,NA,NA,NA,NA,NA,-29.3744,0,0,0.000943819,0,0,NA,NA,NA,NA,NA,NA,NA,"D3-F0-G1-X3-yellow-age",6,"D3","F0","G1","X3","yellow-age",6.61122e-08,"#V3.24O",2.86666666666667,FALSE,"D3-F0-G1-X3-yellow-age-6"
"55",1345900,409881,5007440,0.14606825044334,0,0.22,5,55,0.4,0.1,0.1,7e-06,2.95,2.835,-2.208,1,0,1,1,1,1,1,15,0.82,1.4,0,0,0,0,0,0,0,4.33,-1,1.1,15,-999,999,3.72,-1,1.06,15,-999,999,133548,153618,3.90644e-07,0,9.81229e-11,NA,NA,NA,6079.37,147445,NA,NA,NA,NA,93.0723,0,0,0,0,0,869334,271028,3387520,0.183438031362176,0,NA,NA,0.22,5,55,0.4,0.1,0.1,7e-06,2.95,2.835,-2.208,1,0,1,1,1,1,14.6092,0.82,1.4,0,0,0,0,0,-0.0462403,0,4.38325,-1,1.16731,15,-999,999,3.59338,-1,0.946252,15,-999,999,133548,202397,7.7255e-12,0,201660,NA,NA,NA,668.251,NA,NA,NA,NA,NA,68.3816,0,0,0.000944732,0,0,NA,NA,NA,NA,NA,NA,NA,"D3-F0-G0-X3-hake-age",1,"D3","F0","G0","X3","hake-age",0.00365921,"#V3.24O",0.9,FALSE,"D3-F0-G0-X3-hake-age-1"
"56",1345900,409881,5007440,0.275166552170371,0,0.22,5,55,0.4,0.1,0.1,7e-06,2.95,2.835,-2.208,1,0,1,1,1,1,1,15,0.82,1.4,0,0,0,0,0,0,0,4.33,-1,1.1,15,-999,999,3.72,-1,1.06,15,-999,999,233695,153473,6.1431e-07,0,1.45927e-10,NA,NA,NA,5886.36,147509,NA,NA,NA,NA,77.0287,0,0,0,0,0,1109240,356041,4399540,0.303470362810657,0,NA,NA,0.22,5,55,0.4,0.1,0.1,7e-06,2.95,2.835,-2.208,1,0,1,1,1,1,14.8706,0.82,1.4,0,0,0,0,0,-0.0329355,0,4.33547,-1,1.11857,15,-999,999,3.8791,-1,1.19849,15,-999,999,233695,204069,6.4685e-12,0,203387,NA,NA,NA,610.431,NA,NA,NA,NA,NA,71.8089,0,0,0.00079284,0,0,NA,NA,NA,NA,NA,NA,NA,"D3-F0-G0-X3-hake-age",2,"D3","F0","G0","X3","hake-age",4.24782e-05,"#V3.24O",0.9,FALSE,"D3-F0-G0-X3-hake-age-2"
"57",1345900,409881,5007440,0.152746712891218,0,0.22,5,55,0.4,0.1,0.1,7e-06,2.95,2.835,-2.208,1,0,1,1,1,1,1,15,0.82,1.4,0,0,0,0,0,0,0,4.33,-1,1.1,15,-999,999,3.72,-1,1.06,15,-999,999,139315,153829,7.89645e-07,0,8.23739e-11,NA,NA,NA,6013.49,147735,NA,NA,NA,NA,80.0354,0,0,0,0,0,1052970,410531,4301290,0.183933192135383,0,NA,NA,0.22,5,55,0.4,0.1,0.1,7e-06,2.95,2.835,-2.208,1,0,1,1,1,1,14.848,0.82,1.4,0,0,0,0,0,-0.0150667,0,4.26423,-1,1.03613,15,-999,999,3.74129,-1,1.06134,15,-999,999,139315,203942,1.30899e-11,0,203190,NA,NA,NA,679.047,NA,NA,NA,NA,NA,72.7717,0,0,0.000943586,0,0,NA,NA,NA,NA,NA,NA,NA,"D3-F0-G0-X3-hake-age",3,"D3","F0","G0","X3","hake-age",0.000384053,"#V3.24O",0.9,FALSE,"D3-F0-G0-X3-hake-age-3"
"58",1345900,409881,5007440,0.129570598948764,0,0.22,5,55,0.4,0.1,0.1,7e-06,2.95,2.835,-2.208,1,0,1,1,1,1,1,15,0.82,1.4,0,0,0,0,0,0,0,4.33,-1,1.1,15,-999,999,3.72,-1,1.06,15,-999,999,136310,153110,7.54748e-07,0,1.37166e-10,NA,NA,NA,5681.28,147353,NA,NA,NA,NA,75.6709,0,0,0,0,0,1188610,384995,4973530,0.159386190492467,0,NA,NA,0.22,5,55,0.4,0.1,0.1,7e-06,2.95,2.835,-2.208,1,0,1,1,1,1,14.9932,0.82,1.4,0,0,0,0,0,-0.0502201,0,4.20207,-1,1.02099,15,-999,999,3.65725,-1,1.06163,15,-999,999,136310,202341,9.89939e-12,0,201615,NA,NA,NA,656.389,NA,NA,NA,NA,NA,68.9642,0,0,0.00095982,0,0,NA,NA,NA,NA,NA,NA,NA,"D3-F0-G0-X3-hake-age",4,"D3","F0","G0","X3","hake-age",0.0332376,"#V3.24O",0.883333333333333,FALSE,"D3-F0-G0-X3-hake-age-4"
"59",1345900,409881,5007440,0.895255859281389,0,0.22,5,55,0.4,0.1,0.1,7e-06,2.95,2.835,-2.208,1,0,1,1,1,1,1,15,0.82,1.4,0,0,0,0,0,0,0,4.33,-1,1.1,15,-999,999,3.72,-1,1.06,15,-999,999,809249,153707,5.60643e-07,0,1.05956e-10,NA,NA,NA,6207.15,147425,NA,NA,NA,NA,74.9691,0,0,0,0,0,1163460,362474,4441830,0.942091435286807,0,NA,NA,0.22,5,55,0.4,0.1,0.1,7e-06,2.95,2.835,-2.208,1,0,1,1,1,1,14.8801,0.82,1.4,0,0,0,0,0,-0.0248465,0,4.47859,-1,1.19169,15,-999,999,3.81382,-1,1.11853,15,-999,999,809249,207321,1.24298e-11,0,206624,NA,NA,NA,630.601,NA,NA,NA,NA,NA,66.288,0,0,0.000794355,0,0,NA,NA,NA,NA,NA,NA,NA,"D3-F0-G0-X3-hake-age",5,"D3","F0","G0","X3","hake-age",3.56113e-06,"#V3.24O",0.9,FALSE,"D3-F0-G0-X3-hake-age-5"
"60",1345900,409881,5007440,0.175377238668861,0,0.22,5,55,0.4,0.1,0.1,7e-06,2.95,2.835,-2.208,1,0,1,1,1,1,1,15,0.82,1.4,0,0,0,0,0,0,0,4.33,-1,1.1,15,-999,999,3.72,-1,1.06,15,-999,999,159365,152980,3.82774e-07,0,1.61322e-10,NA,NA,NA,5626.39,147292,NA,NA,NA,NA,60.9233,0,0,0,0,0,1508070,428956,5265210,0.158588736251735,0,NA,NA,0.22,5,55,0.4,0.1,0.1,7e-06,2.95,2.835,-2.208,1,0,1,1,1,1,15.0502,0.82,1.4,0,0,0,0,0,-0.0299114,0,4.18615,-1,0.96815,15,-999,999,3.69421,-1,1.09899,15,-999,999,159365,204654,2.43615e-11,0,203927,NA,NA,NA,662.6,NA,NA,NA,NA,NA,64.5366,0,0,0.000974798,0,0,NA,NA,NA,NA,NA,NA,NA,"D3-F0-G0-X3-hake-age",6,"D3","F0","G0","X3","hake-age",0.000390239,"#V3.24O",0.9,FALSE,"D3-F0-G0-X3-hake-age-6"
"61",215129000,32.052,580652000,0.323360635974732,0,0.08,18,62,0.047,0.13,0.13,9.77e-06,3.17125,14.6,-0.474,137900,36500,1,1,1,1,1,5.6,0.44,0.5,0,0,0,0,0,0,0,21.2,-1,4.08,15,-999,999,18.28,-1,4.08,15,-999,999,33.2495,329106,1.43431e-07,0,-133.313,NA,NA,NA,11547.5,317628,NA,NA,NA,NA,63.206,0,0,0,0,0,193306000,29.9647,484634000,0.391115769838682,0,NA,NA,0.08,18,62,0.047,0.13,0.13,9.77e-06,3.17125,14.6,-0.474,137900,36500,1,1,1,1,5.41924,0.44,0.5,0,0,0,0,0,-0.0584258,0,21.6004,-1,4.12578,15,-999,999,18.1567,-1,4.04157,15,-999,999,33.2495,66058.4,5.90047e-09,0,63825.5,NA,NA,NA,2253.23,NA,NA,NA,NA,NA,-20.3625,0,0,0.000895901,0,0,NA,NA,NA,NA,NA,NA,NA,"D4-F0-G0-X4-yellow-age",1,"D4","F0","G0","X4","yellow-age",0.00107439,"#V3.24O",3.03333333333333,FALSE,"D4-F0-G0-X4-yellow-age-1"
"62",215129000,32.052,580652000,0.33927205968463,0,0.08,18,62,0.047,0.13,0.13,9.77e-06,3.17125,14.6,-0.474,137900,36500,1,1,1,1,1,5.6,0.44,0.5,0,0,0,0,0,0,0,21.2,-1,4.08,15,-999,999,18.28,-1,4.08,15,-999,999,35.1278,329063,1.1899e-07,0,-133.313,NA,NA,NA,11509.2,317632,NA,NA,NA,NA,54.9667,0,0,0,0,0,181992000,27.6126,512526000,0.289347272138389,0,NA,NA,0.08,18,62,0.047,0.13,0.13,9.77e-06,3.17125,14.6,-0.474,137900,36500,1,1,1,1,5.4752,0.44,0.5,0,0,0,0,0,0.198191,0,21.5488,-1,4.12786,15,-999,999,18.5524,-1,4.12254,15,-999,999,35.1278,66200.2,6.49474e-09,0,63994.2,NA,NA,NA,2225.49,NA,NA,NA,NA,NA,-19.5557,0,0,0.000878619,0,0,NA,NA,NA,NA,NA,NA,NA,"D4-F0-G0-X4-yellow-age",2,"D4","F0","G0","X4","yellow-age",1.71255e-06,"#V3.24O",2.8,FALSE,"D4-F0-G0-X4-yellow-age-2"
"63",215129000,32.052,580652000,0.330847047801437,0,0.08,18,62,0.047,0.13,0.13,9.77e-06,3.17125,14.6,-0.474,137900,36500,1,1,1,1,1,5.6,0.44,0.5,0,0,0,0,0,0,0,21.2,-1,4.08,15,-999,999,18.28,-1,4.08,15,-999,999,33.8824,329260,9.43225e-08,0,-133.313,NA,NA,NA,11679,317657,NA,NA,NA,NA,57.1369,0,0,0,0,0,205115000,30.0769,545094000,0.297324865069144,0,NA,NA,0.08,18,62,0.047,0.13,0.13,9.77e-06,3.17125,14.6,-0.474,137900,36500,1,1,1,1,5.53681,0.44,0.5,0,0,0,0,0,0.0457894,0,21.4581,-1,4.11086,15,-999,999,17.5724,-1,3.98134,15,-999,999,33.8824,67056.9,5.12669e-09,0,64852.5,NA,NA,NA,2225.47,NA,NA,NA,NA,NA,-21.1056,0,0,0.000915645,0,0,NA,NA,NA,NA,NA,NA,NA,"D4-F0-G0-X4-yellow-age",3,"D4","F0","G0","X4","yellow-age",0.0108239,"#V3.24O",2.75,FALSE,"D4-F0-G0-X4-yellow-age-3"
"64",215129000,32.052,580652000,0.361748517184131,0,0.08,18,62,0.047,0.13,0.13,9.77e-06,3.17125,14.6,-0.474,137900,36500,1,1,1,1,1,5.6,0.44,0.5,0,0,0,0,0,0,0,21.2,-1,4.08,15,-999,999,18.28,-1,4.08,15,-999,999,37.2381,329262,1.14138e-07,0,-133.313,NA,NA,NA,11709.7,317632,NA,NA,NA,NA,53.3458,0,0,0,0,0,197915000,35.8507,531862000,0.325266704521098,0,NA,NA,0.08,18,62,0.047,0.13,0.13,9.77e-06,3.17125,14.6,-0.474,137900,36500,1,1,1,1,5.51223,0.44,0.5,0,0,0,0,0,0.0978059,0,21.7781,-1,4.17268,15,-999,999,18.2431,-1,3.96049,15,-999,999,37.2381,66413.1,5.40349e-09,0,64270,NA,NA,NA,2166.51,NA,NA,NA,NA,NA,-23.44,0,0,0.000901734,0,0,NA,NA,NA,NA,NA,NA,NA,"D4-F0-G0-X4-yellow-age",4,"D4","F0","G0","X4","yellow-age",0.000315057,"#V3.24O",3.13333333333333,FALSE,"D4-F0-G0-X4-yellow-age-4"
"65",215129000,32.052,580652000,0.329329787893609,0,0.08,18,62,0.047,0.13,0.13,9.77e-06,3.17125,14.6,-0.474,137900,36500,1,1,1,1,1,5.6,0.44,0.5,0,0,0,0,0,0,0,21.2,-1,4.08,15,-999,999,18.28,-1,4.08,15,-999,999,33.9855,328964,1.15953e-07,0,-133.313,NA,NA,NA,11412.4,317632,NA,NA,NA,NA,53.4033,0,0,0,0,0,177774000,29.8577,529529000,0.317272519540951,0,NA,NA,0.08,18,62,0.047,0.13,0.13,9.77e-06,3.17125,14.6,-0.474,137900,36500,1,1,1,1,5.50784,0.44,0.5,0,0,0,0,0,0.0103867,0,21.5184,-1,4.13269,15,-999,999,18.6432,-1,4.1668,15,-999,999,33.9855,66287.8,5.29957e-09,0,64031.2,NA,NA,NA,2279.13,NA,NA,NA,NA,NA,-22.5863,0,0,0.000869539,0,0,NA,NA,NA,NA,NA,NA,NA,"D4-F0-G0-X4-yellow-age",5,"D4","F0","G0","X4","yellow-age",4.83899e-06,"#V3.24O",2.66666666666667,FALSE,"D4-F0-G0-X4-yellow-age-5"
"66",215129000,32.052,580652000,0.356816130832237,0,0.08,18,62,0.047,0.13,0.13,9.77e-06,3.17125,14.6,-0.474,137900,36500,1,1,1,1,1,5.6,0.44,0.5,0,0,0,0,0,0,0,21.2,-1,4.08,15,-999,999,18.28,-1,4.08,15,-999,999,36.8103,329013,9.35868e-08,0,-133.313,NA,NA,NA,11488.6,317614,NA,NA,NA,NA,43.6296,0,0,0,0,0,193866000,33.6623,537850000,0.294297666635679,0,NA,NA,0.08,18,62,0.047,0.13,0.13,9.77e-06,3.17125,14.6,-0.474,137900,36500,1,1,1,1,5.52343,0.44,0.5,0,0,0,0,0,0.122822,0,21.1971,-1,4.09853,15,-999,999,17.9592,-1,4.15959,15,-999,999,36.8103,66605.3,5.31372e-09,0,64388.3,NA,NA,NA,2242.3,NA,NA,NA,NA,NA,-25.2665,0,0,0.000882524,0,0,NA,NA,NA,NA,NA,NA,NA,"D4-F0-G0-X4-yellow-age",6,"D4","F0","G0","X4","yellow-age",5.43571e-07,"#V3.24O",2.86666666666667,FALSE,"D4-F0-G0-X4-yellow-age-6"
"67",222859000,0,580652000,0.180953479881237,0,0.08,18,62,0.047,0.13,0.13,9.77e-06,3.17125,14.6,-0.474,137900,36500,1,1,1,1,1,5.6,0.44,0.5,0,0,0,0,0,0,0,21.2,-1,4.08,15,-999,999,18.28,-1,4.08,15,-999,999,21.5396,353988,24763.3,0,-45.7463,NA,NA,NA,11804.1,317403,NA,NA,NA,NA,63.206,0,0,0,0,0,190460000,0,496238000,0.22949471826019,0,NA,NA,0.08,18,62,0.047,0.13,0.13,9.77e-06,3.17125,14.6,-0.474,137900,36500,1,1,1,1,5.4429,0.44,0.5,0,0,0,0,0,-0.086266,0,21.3211,-1,4.09629,15,-999,999,17.8499,-1,3.95078,15,-999,999,21.5396,64608.1,7.27498e-09,0,62354,NA,NA,NA,2274.71,NA,NA,NA,NA,NA,-20.6152,0,0,0.000921985,0,0,NA,NA,NA,NA,NA,NA,NA,"D4-F0-G1-X4-yellow-age",1,"D4","F0","G1","X4","yellow-age",2.13079e-06,"#V3.24O",2.73333333333333,FALSE,"D4-F0-G1-X4-yellow-age-1"
"68",223626000,0,580652000,0.188739554845243,0,0.08,18,62,0.047,0.13,0.13,9.77e-06,3.17125,14.6,-0.474,137900,36500,1,1,1,1,1,5.6,0.44,0.5,0,0,0,0,0,0,0,21.2,-1,4.08,15,-999,999,18.28,-1,4.08,15,-999,999,22.5137,354478,25364.4,0,-43.6544,NA,NA,NA,11695.6,317406,NA,NA,NA,NA,54.9667,0,0,0,0,0,203137000,0,527450000,0.181859512750024,0,NA,NA,0.08,18,62,0.047,0.13,0.13,9.77e-06,3.17125,14.6,-0.474,137900,36500,1,1,1,1,5.5039,0.44,0.5,0,0,0,0,0,0.0854687,0,21.4304,-1,4.102,15,-999,999,18.85,-1,4.2044,15,-999,999,22.5137,64682.2,8.76652e-09,0,62480.7,NA,NA,NA,2219.72,NA,NA,NA,NA,NA,-18.1746,0,0,0.000868172,0,0,NA,NA,NA,NA,NA,NA,NA,"D4-F0-G1-X4-yellow-age",2,"D4","F0","G1","X4","yellow-age",9.74695e-06,"#V3.24O",2.9,FALSE,"D4-F0-G1-X4-yellow-age-2"
"69",222900000,0,580652000,0.184718213318821,0,0.08,18,62,0.047,0.13,0.13,9.77e-06,3.17125,14.6,-0.474,137900,36500,1,1,1,1,1,5.6,0.44,0.5,0,0,0,0,0,0,0,21.2,-1,4.08,15,-999,999,18.28,-1,4.08,15,-999,999,21.8839,354509,25181.3,0,-44.8279,NA,NA,NA,11884.2,317431,NA,NA,NA,NA,57.1369,0,0,0,0,0,213450000,0,556034000,0.190966739443991,0,NA,NA,0.08,18,62,0.047,0.13,0.13,9.77e-06,3.17125,14.6,-0.474,137900,36500,1,1,1,1,5.55668,0.44,0.5,0,0,0,0,0,-0.00242193,0,21.2918,-1,4.09038,15,-999,999,17.804,-1,3.98128,15,-999,999,21.8839,65531.6,6.96034e-09,0,63325.7,NA,NA,NA,2229.14,NA,NA,NA,NA,NA,-23.2596,0,0,0.000917791,0,0,NA,NA,NA,NA,NA,NA,NA,"D4-F0-G1-X4-yellow-age",3,"D4","F0","G1","X4","yellow-age",0.00743224,"#V3.24O",2.68333333333333,FALSE,"D4-F0-G1-X4-yellow-age-3"
"70",223051000,0,580652000,0.201278907159538,0,0.08,18,62,0.047,0.13,0.13,9.77e-06,3.17125,14.6,-0.474,137900,36500,1,1,1,1,1,5.6,0.44,0.5,0,0,0,0,0,0,0,21.2,-1,4.08,15,-999,999,18.28,-1,4.08,15,-999,999,23.9672,354673,25325.8,0,-43.9603,NA,NA,NA,11930.9,317407,NA,NA,NA,NA,53.3458,0,0,0,0,0,223716000,0,582383000,0.240158109010737,0,NA,NA,0.08,18,62,0.047,0.13,0.13,9.77e-06,3.17125,14.6,-0.474,137900,36500,1,1,1,1,5.60298,0.44,0.5,0,0,0,0,0,-0.190122,0,21.3895,-1,4.13449,15,-999,999,17.5185,-1,3.98867,15,-999,999,23.9672,64875.7,4.98685e-09,0,62727,NA,NA,NA,2168.63,NA,NA,NA,NA,NA,-19.9281,0,0,0.00091085,0,0,NA,NA,NA,NA,NA,NA,NA,"D4-F0-G1-X4-yellow-age",4,"D4","F0","G1","X4","yellow-age",7.45379e-05,"#V3.24O",2.98333333333333,FALSE,"D4-F0-G1-X4-yellow-age-4"
"71",223097000,0,580652000,0.184597659183125,0,0.08,18,62,0.047,0.13,0.13,9.77e-06,3.17125,14.6,-0.474,137900,36500,1,1,1,1,1,5.6,0.44,0.5,0,0,0,0,0,0,0,21.2,-1,4.08,15,-999,999,18.28,-1,4.08,15,-999,999,21.981,353841,24774.9,0,-46.0663,NA,NA,NA,11651.8,317407,NA,NA,NA,NA,53.4033,0,0,0,0,0,220335000,0,573464000,0.223518825941995,0,NA,NA,0.08,18,62,0.047,0.13,0.13,9.77e-06,3.17125,14.6,-0.474,137900,36500,1,1,1,1,5.58754,0.44,0.5,0,0,0,0,0,-0.157962,0,21.2819,-1,4.11162,15,-999,999,18.1946,-1,4.01953,15,-999,999,21.981,64830,5.42419e-09,0,62556.2,NA,NA,NA,2296.37,NA,NA,NA,NA,NA,-22.5904,0,0,0.000903622,0,0,NA,NA,NA,NA,NA,NA,NA,"D4-F0-G1-X4-yellow-age",5,"D4","F0","G1","X4","yellow-age",0.00146873,"#V3.24O",3.01666666666667,FALSE,"D4-F0-G1-X4-yellow-age-5"
"72",223146000,0,580652000,0.198941879128979,0,0.08,18,62,0.047,0.13,0.13,9.77e-06,3.17125,14.6,-0.474,137900,36500,1,1,1,1,1,5.6,0.44,0.5,0,0,0,0,0,0,0,21.2,-1,4.08,15,-999,999,18.28,-1,4.08,15,-999,999,23.7019,354371,25272.2,0,-44.0839,NA,NA,NA,11710.2,317388,NA,NA,NA,NA,43.6296,0,0,0,0,0,221415000,0,576147000,0.21869071608461,0,NA,NA,0.08,18,62,0.047,0.13,0.13,9.77e-06,3.17125,14.6,-0.474,137900,36500,1,1,1,1,5.59221,0.44,0.5,0,0,0,0,0,-0.134771,0,20.8906,-1,4.06226,15,-999,999,17.6166,-1,4.13084,15,-999,999,23.7019,65129.3,5.08429e-09,0,62894.5,NA,NA,NA,2258.44,NA,NA,NA,NA,NA,-23.7115,0,0,0.000899415,0,0,NA,NA,NA,NA,NA,NA,NA,"D4-F0-G1-X4-yellow-age",6,"D4","F0","G1","X4","yellow-age",1.79168e-06,"#V3.24O",2.85,FALSE,"D4-F0-G1-X4-yellow-age-6"
"73",1345900,409881,5007440,0.14606825044334,0,0.22,5,55,0.4,0.1,0.1,7e-06,2.95,2.835,-2.208,1,0,1,1,1,1,1,15,0.82,1.4,0,0,0,0,0,0,0,4.33,-1,1.1,15,-999,999,3.72,-1,1.06,15,-999,999,133548,153618,3.90644e-07,0,8.81813e-11,NA,NA,NA,6079.37,147445,NA,NA,NA,NA,93.0723,0,0,0,0,0,727098,231911,3328140,0.235916457841317,0,NA,NA,0.22,5,55,0.4,0.1,0.1,7e-06,2.95,2.835,-2.208,1,0,1,1,1,1,14.5915,0.82,1.4,0,0,0,0,0,-0.156325,0,4.30994,-1,1.0882,15,-999,999,3.72166,-1,1.09532,15,-999,999,133548,117037,2.9324e-12,0,116387,NA,NA,NA,580.116,NA,NA,NA,NA,NA,70.3347,0,0,0.000881973,0,0,NA,NA,NA,NA,NA,NA,NA,"D4-F0-G0-X4-hake-age",1,"D4","F0","G0","X4","hake-age",3.06774e-07,"#V3.24O",0.916666666666667,FALSE,"D4-F0-G0-X4-hake-age-1"
"74",1345900,409881,5007440,0.275166552170371,0,0.22,5,55,0.4,0.1,0.1,7e-06,2.95,2.835,-2.208,1,0,1,1,1,1,1,15,0.82,1.4,0,0,0,0,0,0,0,4.33,-1,1.1,15,-999,999,3.72,-1,1.06,15,-999,999,233695,153473,6.1431e-07,0,1.24379e-10,NA,NA,NA,5886.36,147509,NA,NA,NA,NA,77.0287,0,0,0,0,0,918323,491957,4199100,0.232992307875497,0,NA,NA,0.22,5,55,0.4,0.1,0.1,7e-06,2.95,2.835,-2.208,1,0,1,1,1,1,14.8239,0.82,1.4,0,0,0,0,0,0.0986429,0,4.39752,-1,1.15866,15,-999,999,3.97111,-1,1.33997,15,-999,999,233695,116767,1.41562e-11,0,116140,NA,NA,NA,553.942,NA,NA,NA,NA,NA,73.1791,0,0,0.000689313,0,0,NA,NA,NA,NA,NA,NA,NA,"D4-F0-G0-X4-hake-age",2,"D4","F0","G0","X4","hake-age",9.65685e-05,"#V3.24O",0.9,FALSE,"D4-F0-G0-X4-hake-age-2"
"75",1345900,409881,5007440,0.152746712891218,0,0.22,5,55,0.4,0.1,0.1,7e-06,2.95,2.835,-2.208,1,0,1,1,1,1,1,15,0.82,1.4,0,0,0,0,0,0,0,4.33,-1,1.1,15,-999,999,3.72,-1,1.06,15,-999,999,139315,153829,7.89645e-07,0,7.4797e-11,NA,NA,NA,6013.49,147735,NA,NA,NA,NA,80.0354,0,0,0,0,0,1286140,354497,4383410,0.19743898015472,0,NA,NA,0.22,5,55,0.4,0.1,0.1,7e-06,2.95,2.835,-2.208,1,0,1,1,1,1,14.8669,0.82,1.4,0,0,0,0,0,0.00202683,0,4.27116,-1,1.03638,15,-999,999,3.90093,-1,1.189,15,-999,999,139315,114866,2.05839e-11,0,114180,NA,NA,NA,613.216,NA,NA,NA,NA,NA,72.5641,0,0,0.000858006,0,0,NA,NA,NA,NA,NA,NA,NA,"D4-F0-G0-X4-hake-age",3,"D4","F0","G0","X4","hake-age",5.77014e-05,"#V3.24O",0.9,FALSE,"D4-F0-G0-X4-hake-age-3"
"76",1345900,409881,5007440,0.129570598948764,0,0.22,5,55,0.4,0.1,0.1,7e-06,2.95,2.835,-2.208,1,0,1,1,1,1,1,15,0.82,1.4,0,0,0,0,0,0,0,4.33,-1,1.1,15,-999,999,3.72,-1,1.06,15,-999,999,136310,153110,7.54748e-07,0,1.36176e-10,NA,NA,NA,5681.28,147353,NA,NA,NA,NA,75.6709,0,0,0,0,0,1213110,421697,4780370,0.121606486527193,0,NA,NA,0.22,5,55,0.4,0.1,0.1,7e-06,2.95,2.835,-2.208,1,0,1,1,1,1,14.9536,0.82,1.4,0,0,0,0,0,-0.00744473,0,4.32091,-1,1.09576,15,-999,999,3.64148,-1,1.071,15,-999,999,136310,116670,6.96257e-12,0,116011,NA,NA,NA,591.841,NA,NA,NA,NA,NA,67.146,0,0,0.000896044,0,0,NA,NA,NA,NA,NA,NA,NA,"D4-F0-G0-X4-hake-age",4,"D4","F0","G0","X4","hake-age",7.59253e-05,"#V3.24O",0.9,FALSE,"D4-F0-G0-X4-hake-age-4"
"77",1345900,409881,5007440,0.895255859281389,0,0.22,5,55,0.4,0.1,0.1,7e-06,2.95,2.835,-2.208,1,0,1,1,1,1,1,15,0.82,1.4,0,0,0,0,0,0,0,4.33,-1,1.1,15,-999,999,3.72,-1,1.06,15,-999,999,809249,153707,5.60643e-07,0,1.01008e-10,NA,NA,NA,6207.15,147425,NA,NA,NA,NA,74.9691,0,0,0,0,0,1318350,341402,4345820,0.740753183518876,0,NA,NA,0.22,5,55,0.4,0.1,0.1,7e-06,2.95,2.835,-2.208,1,0,1,1,1,1,14.8583,0.82,1.4,0,0,0,0,0,0.184952,0,4.4443,-1,1.17334,15,-999,999,3.72146,-1,1.02894,15,-999,999,809249,117243,2.04688e-11,0,116586,NA,NA,NA,589.173,NA,NA,NA,NA,NA,68.4975,0,0,0.000870296,0,0,NA,NA,NA,NA,NA,NA,NA,"D4-F0-G0-X4-hake-age",5,"D4","F0","G0","X4","hake-age",4.21967e-06,"#V3.24O",0.883333333333333,FALSE,"D4-F0-G0-X4-hake-age-5"
"78",1345900,409881,5007440,0.175377238668861,0,0.22,5,55,0.4,0.1,0.1,7e-06,2.95,2.835,-2.208,1,0,1,1,1,1,1,15,0.82,1.4,0,0,0,0,0,0,0,4.33,-1,1.1,15,-999,999,3.72,-1,1.06,15,-999,999,159365,152980,3.82774e-07,0,1.43796e-10,NA,NA,NA,5626.39,147292,NA,NA,NA,NA,60.9233,0,0,0,0,0,1448800,485532,4986810,0.123867562630219,0,NA,NA,0.22,5,55,0.4,0.1,0.1,7e-06,2.95,2.835,-2.208,1,0,1,1,1,1,14.9959,0.82,1.4,0,0,0,0,0,0.0270344,0,4.32322,-1,1.06674,15,-999,999,3.7992,-1,1.16029,15,-999,999,159365,116070,1.97047e-11,0,115416,NA,NA,NA,590.689,NA,NA,NA,NA,NA,62.5438,0,0,0.000852815,0,0,NA,NA,NA,NA,NA,NA,NA,"D4-F0-G0-X4-hake-age",6,"D4","F0","G0","X4","hake-age",0.000149454,"#V3.24O",0.916666666666667,FALSE,"D4-F0-G0-X4-hake-age-6"
"79",1207130,373568,5007440,0.105489032319908,NA,0.22,5,55,0.4,0.1,0.1,7e-06,2.95,2.835,-2.208,1,0,1,1,1,1,1,15,0.82,1.4,0,0,0,0,0,0,0,4.33,-1,1.1,15,-999,999,3.72,-1,1.06,15,-999,999,99775.4,266246,96970.1,0,15.9585,NA,NA,NA,6021.6,163145,NA,NA,NA,NA,93.0723,0,0,0,0,0,719627,231273,3257050,0.114337206981778,0,NA,NA,0.22,5,55,0.4,0.1,0.1,7e-06,2.95,2.835,-2.208,1,0,1,1,1,1,14.5699,0.82,1.4,0,0,0,0,0,0.157871,0,4.32304,-1,1.10598,15,-999,999,3.86976,-1,1.12906,15,-999,999,99775.4,111527,1.01615e-11,0,110861,NA,NA,NA,595.146,NA,NA,NA,NA,NA,70.4083,0,0,0.000844548,0,0,NA,NA,NA,NA,NA,NA,NA,"D4-F0-G1-X4-hake-age",1,"D4","F0","G1","X4","hake-age",4.56261e-05,"#V3.24O",0.883333333333333,FALSE,"D4-F0-G1-X4-hake-age-1"
"80",1207130,373568,5007440,0.198885458437844,NA,0.22,5,55,0.4,0.1,0.1,7e-06,2.95,2.835,-2.208,1,0,1,1,1,1,1,15,0.82,1.4,0,0,0,0,0,0,0,4.33,-1,1.1,15,-999,999,3.72,-1,1.06,15,-999,999,173837,268304,99290.6,0,16.696,NA,NA,NA,5820.21,163099,NA,NA,NA,NA,77.0287,0,0,0,0,0,975095,386557,4241980,0.140920749272745,0,NA,NA,0.22,5,55,0.4,0.1,0.1,7e-06,2.95,2.835,-2.208,1,0,1,1,1,1,14.8341,0.82,1.4,0,0,0,0,0,0.270705,0,4.36007,-1,1.14781,15,-999,999,4.0532,-1,1.32296,15,-999,999,173837,111093,4.28316e-11,0,110426,NA,NA,NA,592.875,NA,NA,NA,NA,NA,73.4749,0,0,0.000706855,0,0,NA,NA,NA,NA,NA,NA,NA,"D4-F0-G1-X4-hake-age",2,"D4","F0","G1","X4","hake-age",0.00268645,"#V3.24O",0.9,FALSE,"D4-F0-G1-X4-hake-age-2"
"81",1207130,373568,5007440,0.0974142475995718,NA,0.22,5,55,0.4,0.1,0.1,7e-06,2.95,2.835,-2.208,1,0,1,1,1,1,1,15,0.82,1.4,0,0,0,0,0,0,0,4.33,-1,1.1,15,-999,999,3.72,-1,1.06,15,-999,999,91913.9,273416,104080,0,17.6496,NA,NA,NA,5931.76,163306,NA,NA,NA,NA,80.0354,0,0,0,0,0,1106350,350208,4387950,0.0950728700190294,0,NA,NA,0.22,5,55,0.4,0.1,0.1,7e-06,2.95,2.835,-2.208,1,0,1,1,1,1,14.8679,0.82,1.4,0,0,0,0,0,0.160962,0,4.25958,-1,1.03149,15,-999,999,3.945,-1,1.22297,15,-999,999,91913.9,108997,6.19137e-12,0,108291,NA,NA,NA,633.089,NA,NA,NA,NA,NA,72.8937,0,0,0.000842281,0,0,NA,NA,NA,NA,NA,NA,NA,"D4-F0-G1-X4-hake-age",3,"D4","F0","G1","X4","hake-age",7.62656e-05,"#V3.24O",0.9,FALSE,"D4-F0-G1-X4-hake-age-3"
"82",1207130,373568,5007440,0.0962519770581375,NA,0.22,5,55,0.4,0.1,0.1,7e-06,2.95,2.835,-2.208,1,0,1,1,1,1,1,15,0.82,1.4,0,0,0,0,0,0,0,4.33,-1,1.1,15,-999,999,3.72,-1,1.06,15,-999,999,105207,260180,91686.8,0,15.0428,NA,NA,NA,5628.25,162774,NA,NA,NA,NA,75.6709,0,0,0,0,0,1570830,373325,5042930,0.0686142778107172,0,NA,NA,0.22,5,55,0.4,0.1,0.1,7e-06,2.95,2.835,-2.208,1,0,1,1,1,1,15.0071,0.82,1.4,0,0,0,0,0,0.0629266,0,4.21465,-1,1.07624,15,-999,999,3.57612,-1,0.986114,15,-999,999,105207,111255,3.14947e-11,0,110589,NA,NA,NA,600.474,NA,NA,NA,NA,NA,65.9998,0,0,0.000978935,0,0,NA,NA,NA,NA,NA,NA,NA,"D4-F0-G1-X4-hake-age",4,"D4","F0","G1","X4","hake-age",1.51867e-07,"#V3.24O",0.883333333333333,FALSE,"D4-F0-G1-X4-hake-age-4"
"83",1207130,373568,5007440,0.700317926924736,NA,0.22,5,55,0.4,0.1,0.1,7e-06,2.95,2.835,-2.208,1,0,1,1,1,1,1,15,0.82,1.4,0,0,0,0,0,0,0,4.33,-1,1.1,15,-999,999,3.72,-1,1.06,15,-999,999,653488,270480,101156,0,17.1767,NA,NA,NA,6155.53,163076,NA,NA,NA,NA,74.9691,0,0,0,0,0,811985,306419,4278150,0.526110585182848,0,NA,NA,0.22,5,55,0.4,0.1,0.1,7e-06,2.95,2.835,-2.208,1,0,1,1,1,1,14.8426,0.82,1.4,0,0,0,0,0,0.270652,0,4.3798,-1,1.13706,15,-999,999,4.12137,-1,1.32762,15,-999,999,653488,111442,5.2495e-11,0,110794,NA,NA,NA,579.327,NA,NA,NA,NA,NA,69.3547,0,0,0.000713021,0,0,NA,NA,NA,NA,NA,NA,NA,"D4-F0-G1-X4-hake-age",5,"D4","F0","G1","X4","hake-age",6.85601e-05,"#V3.24O",0.9,FALSE,"D4-F0-G1-X4-hake-age-5"
"84",1207130,373568,5007440,0.131291238636908,NA,0.22,5,55,0.4,0.1,0.1,7e-06,2.95,2.835,-2.208,1,0,1,1,1,1,1,15,0.82,1.4,0,0,0,0,0,0,0,4.33,-1,1.1,15,-999,999,3.72,-1,1.06,15,-999,999,123369,265947,97364.4,0,16.256,NA,NA,NA,5571.94,162933,NA,NA,NA,NA,60.9233,0,0,0,0,0,1193200,353139,4840920,0.0695995802450774,0,NA,NA,0.22,5,55,0.4,0.1,0.1,7e-06,2.95,2.835,-2.208,1,0,1,1,1,1,14.9662,0.82,1.4,0,0,0,0,0,0.186156,0,4.30292,-1,1.07099,15,-999,999,3.49788,-1,0.888955,15,-999,999,123369,110479,2.34496e-10,0,109818,NA,NA,NA,596.862,NA,NA,NA,NA,NA,64.045,0,0,0.00106574,0,0,NA,NA,NA,NA,NA,NA,NA,"D4-F0-G1-X4-hake-age",6,"D4","F0","G1","X4","hake-age",4.14933e-06,"#V3.24O",0.9,FALSE,"D4-F0-G1-X4-hake-age-6"
