"SpawnBio_om","Recruit_0_om","F_om","SpawnBio_em","Recruit_0_em","F_em","scenario","replicate","F","D","E","R","X","species","year"
4082630000,155131000,0,4216800000,164347000,0,"F0-D0-E0-R0-X0-cow",1,"F0","D0","E0","R0","X0","cow",1
4082630000,174064000,0,4212190000,178464000,0,"F0-D0-E0-R0-X0-cow",1,"F0","D0","E0","R0","X0","cow",2
4089150000,105100000,0,4249660000,106880000,0,"F0-D0-E0-R0-X0-cow",1,"F0","D0","E0","R0","X0","cow",3
4118930000,28646800,0,4278570000,31635700,0,"F0-D0-E0-R0-X0-cow",1,"F0","D0","E0","R0","X0","cow",4
4158430000,141115000,0,4366860000,140545000,0,"F0-D0-E0-R0-X0-cow",1,"F0","D0","E0","R0","X0","cow",5
4145750000,53686300,0,4338730000,52950700,0,"F0-D0-E0-R0-X0-cow",1,"F0","D0","E0","R0","X0","cow",6
4077780000,73187300,0,4262270000,74410200,0,"F0-D0-E0-R0-X0-cow",1,"F0","D0","E0","R0","X0","cow",7
3998200000,110778000,0,4166970000,112488000,0,"F0-D0-E0-R0-X0-cow",1,"F0","D0","E0","R0","X0","cow",8
3870550000,140686000,0,4035160000,141687000,0,"F0-D0-E0-R0-X0-cow",1,"F0","D0","E0","R0","X0","cow",9
3733960000,169027000,0,3892180000,175990000,0,"F0-D0-E0-R0-X0-cow",1,"F0","D0","E0","R0","X0","cow",10
3624540000,83291500,0,3803500000,85515300,0,"F0-D0-E0-R0-X0-cow",1,"F0","D0","E0","R0","X0","cow",11
3569640000,52933700,0,3776700000,55249400,0,"F0-D0-E0-R0-X0-cow",1,"F0","D0","E0","R0","X0","cow",12
3556540000,95889300,0,3793570000,98921600,0,"F0-D0-E0-R0-X0-cow",1,"F0","D0","E0","R0","X0","cow",13
3523240000,94659700,0,3752120000,98147100,0,"F0-D0-E0-R0-X0-cow",1,"F0","D0","E0","R0","X0","cow",14
3464930000,39072200,0,3690980000,40949000,0,"F0-D0-E0-R0-X0-cow",1,"F0","D0","E0","R0","X0","cow",15
3403480000,71623700,0,3632010000,75665200,0,"F0-D0-E0-R0-X0-cow",1,"F0","D0","E0","R0","X0","cow",16
3323460000,76422800,0,3541630000,80167700,0,"F0-D0-E0-R0-X0-cow",1,"F0","D0","E0","R0","X0","cow",17
3211870000,102151000,0,3423560000,102928000,0,"F0-D0-E0-R0-X0-cow",1,"F0","D0","E0","R0","X0","cow",18
3097110000,113289000,0,3303120000,116045000,0,"F0-D0-E0-R0-X0-cow",1,"F0","D0","E0","R0","X0","cow",19
2993450000,94401600,0,3210190000,101868000,0,"F0-D0-E0-R0-X0-cow",1,"F0","D0","E0","R0","X0","cow",20
2922400000,170619000,0,3165680000,180474000,0,"F0-D0-E0-R0-X0-cow",1,"F0","D0","E0","R0","X0","cow",21
2883320000,163677000,0,3121570000,170016000,0,"F0-D0-E0-R0-X0-cow",1,"F0","D0","E0","R0","X0","cow",22
2883900000,158962000,0,3162990000,160430000,0,"F0-D0-E0-R0-X0-cow",1,"F0","D0","E0","R0","X0","cow",23
2955340000,200769000,0,3279080000,206255000,0,"F0-D0-E0-R0-X0-cow",1,"F0","D0","E0","R0","X0","cow",24
3076420000,156610000,0,3441410000,170756000,0,"F0-D0-E0-R0-X0-cow",1,"F0","D0","E0","R0","X0","cow",25
3243080000,73138100,0.07,3650120000,74383800,0.0700122,"F0-D0-E0-R0-X0-cow",1,"F0","D0","E0","R0","X0","cow",26
3223290000,139306000,0.07,3645090000,137185000,0.0697583,"F0-D0-E0-R0-X0-cow",1,"F0","D0","E0","R0","X0","cow",27
3177530000,170790000,0.07,3576040000,180159000,0.0695661,"F0-D0-E0-R0-X0-cow",1,"F0","D0","E0","R0","X0","cow",28
3085770000,123981000,0.07,3454690000,132448000,0.0698262,"F0-D0-E0-R0-X0-cow",1,"F0","D0","E0","R0","X0","cow",29
3005080000,108754000,0.07,3368460000,110790000,0.0695777,"F0-D0-E0-R0-X0-cow",1,"F0","D0","E0","R0","X0","cow",30
2938380000,83238800,0.07,3295820000,86164700,0.0694714,"F0-D0-E0-R0-X0-cow",1,"F0","D0","E0","R0","X0","cow",31
2859510000,189895000,0.07,3203700000,191160000,0.0695447,"F0-D0-E0-R0-X0-cow",1,"F0","D0","E0","R0","X0","cow",32
2761490000,137126000,0.07,3088930000,140386000,0.0696767,"F0-D0-E0-R0-X0-cow",1,"F0","D0","E0","R0","X0","cow",33
2668870000,73213700,0.07,2993450000,79366100,0.0693776,"F0-D0-E0-R0-X0-cow",1,"F0","D0","E0","R0","X0","cow",34
2626160000,75406200,0.07,2967990000,74859600,0.0696507,"F0-D0-E0-R0-X0-cow",1,"F0","D0","E0","R0","X0","cow",35
2576610000,124878000,0.07,2878530000,130088000,0.0696897,"F0-D0-E0-R0-X0-cow",1,"F0","D0","E0","R0","X0","cow",36
2492940000,66676100,0.07,2779450000,70284300,0.0696558,"F0-D0-E0-R0-X0-cow",1,"F0","D0","E0","R0","X0","cow",37
2400080000,110057000,0.07,2665900000,113967000,0.0698826,"F0-D0-E0-R0-X0-cow",1,"F0","D0","E0","R0","X0","cow",38
2312220000,102277000,0.07,2570880000,109534000,0.0699394,"F0-D0-E0-R0-X0-cow",1,"F0","D0","E0","R0","X0","cow",39
2214520000,85441600,0.07,2458360000,90984400,0.0699103,"F0-D0-E0-R0-X0-cow",1,"F0","D0","E0","R0","X0","cow",40
2137240000,55200500,0.07,2379630000,60075200,0.0697135,"F0-D0-E0-R0-X0-cow",1,"F0","D0","E0","R0","X0","cow",41
2.069e+09,70811700,0.07,2317280000,73690700,0.0695867,"F0-D0-E0-R0-X0-cow",1,"F0","D0","E0","R0","X0","cow",42
1.994e+09,128822000,0.07,2231930000,134624000,0.0693443,"F0-D0-E0-R0-X0-cow",1,"F0","D0","E0","R0","X0","cow",43
1904860000,117980000,0.07,2127790000,121235000,0.0692764,"F0-D0-E0-R0-X0-cow",1,"F0","D0","E0","R0","X0","cow",44
1832880000,113072000,0.07,2066660000,118085000,0.0688264,"F0-D0-E0-R0-X0-cow",1,"F0","D0","E0","R0","X0","cow",45
1804260000,70667300,0.07,2059030000,78087400,0.0688312,"F0-D0-E0-R0-X0-cow",1,"F0","D0","E0","R0","X0","cow",46
1802920000,189712000,0.07,2074310000,204777000,0.0688424,"F0-D0-E0-R0-X0-cow",1,"F0","D0","E0","R0","X0","cow",47
1808080000,106123000,0.07,2074040000,108783000,0.0686858,"F0-D0-E0-R0-X0-cow",1,"F0","D0","E0","R0","X0","cow",48
1826670000,124961000,0.07,2120050000,128998000,0.0684812,"F0-D0-E0-R0-X0-cow",1,"F0","D0","E0","R0","X0","cow",49
1891840000,87896700,0.07,2214380000,93486300,0.0682648,"F0-D0-E0-R0-X0-cow",1,"F0","D0","E0","R0","X0","cow",50
1947400000,206460000,0.07,2280980000,219009000,0.0682656,"F0-D0-E0-R0-X0-cow",1,"F0","D0","E0","R0","X0","cow",51
1994150000,114238000,0.07,2326160000,122885000,0.0681067,"F0-D0-E0-R0-X0-cow",1,"F0","D0","E0","R0","X0","cow",52
2042540000,66055800,0.07,2398220000,71349500,0.068145,"F0-D0-E0-R0-X0-cow",1,"F0","D0","E0","R0","X0","cow",53
2126570000,57567600,0.07,2499800000,58166400,0.0680745,"F0-D0-E0-R0-X0-cow",1,"F0","D0","E0","R0","X0","cow",54
2170110000,121058000,0.07,2543180000,127251000,0.0677422,"F0-D0-E0-R0-X0-cow",1,"F0","D0","E0","R0","X0","cow",55
2155790000,97452700,0.07,2505600000,102681000,0.0675097,"F0-D0-E0-R0-X0-cow",1,"F0","D0","E0","R0","X0","cow",56
2109710000,81257200,0.07,2441050000,82663300,0.0676101,"F0-D0-E0-R0-X0-cow",1,"F0","D0","E0","R0","X0","cow",57
2069070000,56393500,0.07,2389950000,62527700,0.0674057,"F0-D0-E0-R0-X0-cow",1,"F0","D0","E0","R0","X0","cow",58
2020150000,186471000,0.07,2333680000,199153000,0.067262,"F0-D0-E0-R0-X0-cow",1,"F0","D0","E0","R0","X0","cow",59
1955780000,68092900,0.07,2250770000,70219700,0.0675192,"F0-D0-E0-R0-X0-cow",1,"F0","D0","E0","R0","X0","cow",60
1907010000,217650000,0.07,2213110000,230257000,0.0673291,"F0-D0-E0-R0-X0-cow",1,"F0","D0","E0","R0","X0","cow",61
1907870000,106774000,0.07,2233940000,110462000,0.0673936,"F0-D0-E0-R0-X0-cow",1,"F0","D0","E0","R0","X0","cow",62
1924930000,52557400,0.07,2267130000,57252300,0.0671814,"F0-D0-E0-R0-X0-cow",1,"F0","D0","E0","R0","X0","cow",63
2003730000,147905000,0.07,2376110000,154071000,0.0671906,"F0-D0-E0-R0-X0-cow",1,"F0","D0","E0","R0","X0","cow",64
2045900000,113408000,0.07,2411500000,118869000,0.0672047,"F0-D0-E0-R0-X0-cow",1,"F0","D0","E0","R0","X0","cow",65
2057410000,149797000,0.07,2421480000,160102000,0.0675538,"F0-D0-E0-R0-X0-cow",1,"F0","D0","E0","R0","X0","cow",66
2081820000,170457000,0.07,2443620000,178285000,0.0673681,"F0-D0-E0-R0-X0-cow",1,"F0","D0","E0","R0","X0","cow",67
2105430000,79477500,0.07,2481300000,80428300,0.0675979,"F0-D0-E0-R0-X0-cow",1,"F0","D0","E0","R0","X0","cow",68
2156300000,100221000,0.07,2545760000,111445000,0.0674553,"F0-D0-E0-R0-X0-cow",1,"F0","D0","E0","R0","X0","cow",69
2210480000,66200500,0.07,2608770000,70605900,0.0674998,"F0-D0-E0-R0-X0-cow",1,"F0","D0","E0","R0","X0","cow",70
2222400000,111246000,0.07,2604510000,120193000,0.0675274,"F0-D0-E0-R0-X0-cow",1,"F0","D0","E0","R0","X0","cow",71
2202980000,97909300,0.07,2566420000,100561000,0.0676304,"F0-D0-E0-R0-X0-cow",1,"F0","D0","E0","R0","X0","cow",72
2153240000,139310000,0.07,2502320000,152577000,0.0672473,"F0-D0-E0-R0-X0-cow",1,"F0","D0","E0","R0","X0","cow",73
2105310000,139052000,0.07,2445440000,150014000,0.0671634,"F0-D0-E0-R0-X0-cow",1,"F0","D0","E0","R0","X0","cow",74
2067350000,127549000,0.07,2414230000,137655000,0.0669815,"F0-D0-E0-R0-X0-cow",1,"F0","D0","E0","R0","X0","cow",75
2063690000,221240000,0.07,2427780000,241445000,0.0668456,"F0-D0-E0-R0-X0-cow",1,"F0","D0","E0","R0","X0","cow",76
2082890000,86843800,0.07,2477620000,94595400,0.0665642,"F0-D0-E0-R0-X0-cow",1,"F0","D0","E0","R0","X0","cow",77
2138920000,63334600,0.07,2575870000,70017800,0.0662946,"F0-D0-E0-R0-X0-cow",1,"F0","D0","E0","R0","X0","cow",78
2229990000,59775700,0.07,2691740000,66031100,0.0660894,"F0-D0-E0-R0-X0-cow",1,"F0","D0","E0","R0","X0","cow",79
2262330000,137233000,0.07,2721150000,151045000,0.0659106,"F0-D0-E0-R0-X0-cow",1,"F0","D0","E0","R0","X0","cow",80
2235330000,53898500,0.07,2668200000,59436200,0.0657575,"F0-D0-E0-R0-X0-cow",1,"F0","D0","E0","R0","X0","cow",81
2180840000,174226000,0.07,2600800000,193677000,0.0652615,"F0-D0-E0-R0-X0-cow",1,"F0","D0","E0","R0","X0","cow",82
2126980000,126039000,0.07,2548430000,144006000,0.0650266,"F0-D0-E0-R0-X0-cow",1,"F0","D0","E0","R0","X0","cow",83
2069490000,78063100,0.07,2496710000,83303600,0.0648036,"F0-D0-E0-R0-X0-cow",1,"F0","D0","E0","R0","X0","cow",84
2066960000,55745300,0.07,2535880000,63428600,0.0645754,"F0-D0-E0-R0-X0-cow",1,"F0","D0","E0","R0","X0","cow",85
2065660000,89812000,0.07,2532650000,104690000,0.0640522,"F0-D0-E0-R0-X0-cow",1,"F0","D0","E0","R0","X0","cow",86
2035420000,88335400,0.07,2500250000,102204000,0.0636962,"F0-D0-E0-R0-X0-cow",1,"F0","D0","E0","R0","X0","cow",87
1979750000,70569100,0.07,2429380000,80668500,0.0632888,"F0-D0-E0-R0-X0-cow",1,"F0","D0","E0","R0","X0","cow",88
1923080000,115874000,0.07,2378510000,138286000,0.0628497,"F0-D0-E0-R0-X0-cow",1,"F0","D0","E0","R0","X0","cow",89
1862800000,193153000,0.07,2321860000,231344000,0.0622917,"F0-D0-E0-R0-X0-cow",1,"F0","D0","E0","R0","X0","cow",90
1808430000,102175000,0.07,2289260000,122230000,0.0619468,"F0-D0-E0-R0-X0-cow",1,"F0","D0","E0","R0","X0","cow",91
1807990000,80275200,0.07,2337100000,99012800,0.0612319,"F0-D0-E0-R0-X0-cow",1,"F0","D0","E0","R0","X0","cow",92
1863110000,99910800,0.07,2447890000,122288000,0.0605263,"F0-D0-E0-R0-X0-cow",1,"F0","D0","E0","R0","X0","cow",93
1902760000,62623700,0.07,2527200000,76115400,0.0597705,"F0-D0-E0-R0-X0-cow",1,"F0","D0","E0","R0","X0","cow",94
1921950000,101925000,0.07,2564910000,131279000,0.0590988,"F0-D0-E0-R0-X0-cow",1,"F0","D0","E0","R0","X0","cow",95
1919760000,102292000,0.07,2568250000,129073000,0.0582716,"F0-D0-E0-R0-X0-cow",1,"F0","D0","E0","R0","X0","cow",96
1891410000,112452000,0.07,2567930000,145584000,0.0574737,"F0-D0-E0-R0-X0-cow",1,"F0","D0","E0","R0","X0","cow",97
1867420000,123009000,0.07,2571380000,162290000,0.056721,"F0-D0-E0-R0-X0-cow",1,"F0","D0","E0","R0","X0","cow",98
1851870000,202123000,0.07,2582710000,258031000,0.0561501,"F0-D0-E0-R0-X0-cow",1,"F0","D0","E0","R0","X0","cow",99
1854200000,130197000,0.07,2637670000,151040000,0.0552861,"F0-D0-E0-R0-X0-cow",1,"F0","D0","E0","R0","X0","cow",100
4082630000,179006000,0,4414560000,181412000,0,"F0-D0-E0-R0-X0-cow",2,"F0","D0","E0","R0","X0","cow",1
4082630000,108012000,0,4407690000,107270000,0,"F0-D0-E0-R0-X0-cow",2,"F0","D0","E0","R0","X0","cow",2
4095950000,326581000,0,4.43e+09,335526000,0,"F0-D0-E0-R0-X0-cow",2,"F0","D0","E0","R0","X0","cow",3
4125540000,130524000,0,4473100000,135882000,0,"F0-D0-E0-R0-X0-cow",2,"F0","D0","E0","R0","X0","cow",4
4191800000,89370400,0,4581560000,88210600,0,"F0-D0-E0-R0-X0-cow",2,"F0","D0","E0","R0","X0","cow",5
4350590000,148935000,0,4780010000,147503000,0,"F0-D0-E0-R0-X0-cow",2,"F0","D0","E0","R0","X0","cow",6
4462980000,72612200,0,4884990000,72398600,0,"F0-D0-E0-R0-X0-cow",2,"F0","D0","E0","R0","X0","cow",7
4527340000,69600400,0,4919300000,72046100,0,"F0-D0-E0-R0-X0-cow",2,"F0","D0","E0","R0","X0","cow",8
4549350000,99354300,0,4907140000,98220800,0,"F0-D0-E0-R0-X0-cow",2,"F0","D0","E0","R0","X0","cow",9
4490770000,95047400,0,4809710000,101393000,0,"F0-D0-E0-R0-X0-cow",2,"F0","D0","E0","R0","X0","cow",10
4377240000,51313400,0,4666320000,52518400,0,"F0-D0-E0-R0-X0-cow",2,"F0","D0","E0","R0","X0","cow",11
4239130000,79450800,0,4505600000,81958600,0,"F0-D0-E0-R0-X0-cow",2,"F0","D0","E0","R0","X0","cow",12
4076180000,67878700,0,4320360000,72733100,0,"F0-D0-E0-R0-X0-cow",2,"F0","D0","E0","R0","X0","cow",13
3887790000,239087000,0,4106690000,239829000,0,"F0-D0-E0-R0-X0-cow",2,"F0","D0","E0","R0","X0","cow",14
3698630000,126140000,0,3898360000,132066000,0,"F0-D0-E0-R0-X0-cow",2,"F0","D0","E0","R0","X0","cow",15
3558160000,174050000,0,3791820000,178894000,0,"F0-D0-E0-R0-X0-cow",2,"F0","D0","E0","R0","X0","cow",16
3526880000,245862000,0,3803990000,259753000,0,"F0-D0-E0-R0-X0-cow",2,"F0","D0","E0","R0","X0","cow",17
3542550000,175771000,0,3852450000,183459000,0,"F0-D0-E0-R0-X0-cow",2,"F0","D0","E0","R0","X0","cow",18
3643820000,164814000,0,4029690000,172165000,0,"F0-D0-E0-R0-X0-cow",2,"F0","D0","E0","R0","X0","cow",19
3823830000,117584000,0,4245560000,122141000,0,"F0-D0-E0-R0-X0-cow",2,"F0","D0","E0","R0","X0","cow",20
4017880000,92023900,0,4505850000,91589800,0,"F0-D0-E0-R0-X0-cow",2,"F0","D0","E0","R0","X0","cow",21
4192470000,142418000,0,4667970000,151356000,0,"F0-D0-E0-R0-X0-cow",2,"F0","D0","E0","R0","X0","cow",22
4303560000,221788000,0,4747360000,228406000,0,"F0-D0-E0-R0-X0-cow",2,"F0","D0","E0","R0","X0","cow",23
4353670000,185115000,0,4799450000,198602000,0,"F0-D0-E0-R0-X0-cow",2,"F0","D0","E0","R0","X0","cow",24
4400490000,165656000,0,4840710000,175368000,0,"F0-D0-E0-R0-X0-cow",2,"F0","D0","E0","R0","X0","cow",25
4.481e+09,63514500,0.07,4974660000,66760000,0.0699544,"F0-D0-E0-R0-X0-cow",2,"F0","D0","E0","R0","X0","cow",26
4269170000,206471000,0.07,4747160000,221453000,0.0697919,"F0-D0-E0-R0-X0-cow",2,"F0","D0","E0","R0","X0","cow",27
4048840000,87816700,0.07,4495480000,96520600,0.0692016,"F0-D0-E0-R0-X0-cow",2,"F0","D0","E0","R0","X0","cow",28
3814700000,111315000,0.07,4249760000,121316000,0.0692778,"F0-D0-E0-R0-X0-cow",2,"F0","D0","E0","R0","X0","cow",29
3620780000,91991200,0.07,4045570000,99273100,0.0687736,"F0-D0-E0-R0-X0-cow",2,"F0","D0","E0","R0","X0","cow",30
3406370000,100403000,0.07,3810230000,107144000,0.0685018,"F0-D0-E0-R0-X0-cow",2,"F0","D0","E0","R0","X0","cow",31
3196620000,89373400,0.07,3583490000,95690800,0.0682512,"F0-D0-E0-R0-X0-cow",2,"F0","D0","E0","R0","X0","cow",32
2988970000,237396000,0.07,3376650000,248024000,0.0678074,"F0-D0-E0-R0-X0-cow",2,"F0","D0","E0","R0","X0","cow",33
2793890000,190320000,0.07,3168160000,198714000,0.0679832,"F0-D0-E0-R0-X0-cow",2,"F0","D0","E0","R0","X0","cow",34
2652890000,108883000,0.07,3038420000,110704000,0.0674027,"F0-D0-E0-R0-X0-cow",2,"F0","D0","E0","R0","X0","cow",35
2624330000,76637900,0.07,3060240000,80888300,0.067375,"F0-D0-E0-R0-X0-cow",2,"F0","D0","E0","R0","X0","cow",36
2631650000,123929000,0.07,3074130000,134135000,0.0674617,"F0-D0-E0-R0-X0-cow",2,"F0","D0","E0","R0","X0","cow",37
2612670000,157674000,0.07,3042580000,164408000,0.067468,"F0-D0-E0-R0-X0-cow",2,"F0","D0","E0","R0","X0","cow",38
2564490000,94303700,0.07,2971600000,100169000,0.0674936,"F0-D0-E0-R0-X0-cow",2,"F0","D0","E0","R0","X0","cow",39
2525410000,130190000,0.07,2918600000,133341000,0.0675081,"F0-D0-E0-R0-X0-cow",2,"F0","D0","E0","R0","X0","cow",40
2494040000,123497000,0.07,2895270000,126374000,0.0675952,"F0-D0-E0-R0-X0-cow",2,"F0","D0","E0","R0","X0","cow",41
2448940000,108014000,0.07,2842650000,118868000,0.0674806,"F0-D0-E0-R0-X0-cow",2,"F0","D0","E0","R0","X0","cow",42
2414360000,130826000,0.07,2802440000,133596000,0.0677362,"F0-D0-E0-R0-X0-cow",2,"F0","D0","E0","R0","X0","cow",43
2379820000,183109000,0.07,2757320000,188995000,0.0677578,"F0-D0-E0-R0-X0-cow",2,"F0","D0","E0","R0","X0","cow",44
2345850000,115202000,0.07,2719700000,121724000,0.0678261,"F0-D0-E0-R0-X0-cow",2,"F0","D0","E0","R0","X0","cow",45
2340640000,186185000,0.07,2715090000,193216000,0.0678785,"F0-D0-E0-R0-X0-cow",2,"F0","D0","E0","R0","X0","cow",46
2365260000,147208000,0.07,2756640000,153383000,0.0682377,"F0-D0-E0-R0-X0-cow",2,"F0","D0","E0","R0","X0","cow",47
2395060000,76595300,0.07,2795010000,80186700,0.0682399,"F0-D0-E0-R0-X0-cow",2,"F0","D0","E0","R0","X0","cow",48
2453990000,58084300,0.07,2867340000,61909700,0.0684553,"F0-D0-E0-R0-X0-cow",2,"F0","D0","E0","R0","X0","cow",49
2487930000,77484000,0.07,2882600000,80638700,0.0685555,"F0-D0-E0-R0-X0-cow",2,"F0","D0","E0","R0","X0","cow",50
2458800000,143999000,0.07,2818990000,154995000,0.0686203,"F0-D0-E0-R0-X0-cow",2,"F0","D0","E0","R0","X0","cow",51
2377750000,110406000,0.07,2696270000,122231000,0.0686038,"F0-D0-E0-R0-X0-cow",2,"F0","D0","E0","R0","X0","cow",52
2290010000,76033300,0.07,2604580000,82522300,0.0683325,"F0-D0-E0-R0-X0-cow",2,"F0","D0","E0","R0","X0","cow",53
2230100000,101788000,0.07,2555910000,110302000,0.067921,"F0-D0-E0-R0-X0-cow",2,"F0","D0","E0","R0","X0","cow",54
2170180000,101377000,0.07,2487350000,104842000,0.067804,"F0-D0-E0-R0-X0-cow",2,"F0","D0","E0","R0","X0","cow",55
2105050000,57373100,0.07,2436050000,60664000,0.0673925,"F0-D0-E0-R0-X0-cow",2,"F0","D0","E0","R0","X0","cow",56
2051300000,114035000,0.07,2381020000,118891000,0.0670539,"F0-D0-E0-R0-X0-cow",2,"F0","D0","E0","R0","X0","cow",57
1994220000,203794000,0.07,2314100000,216474000,0.0668393,"F0-D0-E0-R0-X0-cow",2,"F0","D0","E0","R0","X0","cow",58
1930130000,111691000,0.07,2256250000,117680000,0.0666683,"F0-D0-E0-R0-X0-cow",2,"F0","D0","E0","R0","X0","cow",59
1919210000,73076000,0.07,2269070000,76294100,0.0670215,"F0-D0-E0-R0-X0-cow",2,"F0","D0","E0","R0","X0","cow",60
1969320000,62387300,0.07,2341100000,63426100,0.0668798,"F0-D0-E0-R0-X0-cow",2,"F0","D0","E0","R0","X0","cow",61
2003610000,65502100,0.07,2375750000,67798400,0.067059,"F0-D0-E0-R0-X0-cow",2,"F0","D0","E0","R0","X0","cow",62
2000590000,144303000,0.07,2352730000,140754000,0.0671153,"F0-D0-E0-R0-X0-cow",2,"F0","D0","E0","R0","X0","cow",63
1959770000,63803600,0.07,2271580000,62836200,0.0672064,"F0-D0-E0-R0-X0-cow",2,"F0","D0","E0","R0","X0","cow",64
1914740000,185107000,0.07,2221460000,187424000,0.0674389,"F0-D0-E0-R0-X0-cow",2,"F0","D0","E0","R0","X0","cow",65
1889380000,100602000,0.07,2181190000,104224000,0.0678935,"F0-D0-E0-R0-X0-cow",2,"F0","D0","E0","R0","X0","cow",66
1874020000,105960000,0.07,2156970000,111123000,0.0683705,"F0-D0-E0-R0-X0-cow",2,"F0","D0","E0","R0","X0","cow",67
1910480000,31663000,0.07,2205690000,32157800,0.0689673,"F0-D0-E0-R0-X0-cow",2,"F0","D0","E0","R0","X0","cow",68
1938280000,143307000,0.07,2223460000,147352000,0.0693969,"F0-D0-E0-R0-X0-cow",2,"F0","D0","E0","R0","X0","cow",69
1941120000,142376000,0.07,2197810000,149666000,0.0698023,"F0-D0-E0-R0-X0-cow",2,"F0","D0","E0","R0","X0","cow",70
1913360000,67724300,0.07,2155590000,71541300,0.0696438,"F0-D0-E0-R0-X0-cow",2,"F0","D0","E0","R0","X0","cow",71
1922460000,122488000,0.07,2179460000,122087000,0.0697283,"F0-D0-E0-R0-X0-cow",2,"F0","D0","E0","R0","X0","cow",72
1936610000,166590000,0.07,2197380000,172762000,0.0695672,"F0-D0-E0-R0-X0-cow",2,"F0","D0","E0","R0","X0","cow",73
1933460000,134168000,0.07,2190610000,138713000,0.0698407,"F0-D0-E0-R0-X0-cow",2,"F0","D0","E0","R0","X0","cow",74
1.959e+09,132031000,0.07,2231520000,138565000,0.0699298,"F0-D0-E0-R0-X0-cow",2,"F0","D0","E0","R0","X0","cow",75
2016690000,126105000,0.07,2312700000,130554000,0.0697908,"F0-D0-E0-R0-X0-cow",2,"F0","D0","E0","R0","X0","cow",76
2078870000,82879700,0.07,2383350000,86975300,0.0699008,"F0-D0-E0-R0-X0-cow",2,"F0","D0","E0","R0","X0","cow",77
2138840000,62875400,0.07,2434030000,66397900,0.0700345,"F0-D0-E0-R0-X0-cow",2,"F0","D0","E0","R0","X0","cow",78
2176580000,99124200,0.07,2472330000,106989000,0.0697848,"F0-D0-E0-R0-X0-cow",2,"F0","D0","E0","R0","X0","cow",79
2166050000,83131000,0.07,2434170000,88603200,0.0699208,"F0-D0-E0-R0-X0-cow",2,"F0","D0","E0","R0","X0","cow",80
2119440000,50795200,0.07,2378580000,52769900,0.0696059,"F0-D0-E0-R0-X0-cow",2,"F0","D0","E0","R0","X0","cow",81
2063260000,99338800,0.07,2318940000,104055000,0.0694392,"F0-D0-E0-R0-X0-cow",2,"F0","D0","E0","R0","X0","cow",82
1987030000,109048000,0.07,2230850000,112671000,0.0691425,"F0-D0-E0-R0-X0-cow",2,"F0","D0","E0","R0","X0","cow",83
1899310000,190708000,0.07,2133900000,194039000,0.0689649,"F0-D0-E0-R0-X0-cow",2,"F0","D0","E0","R0","X0","cow",84
1837050000,134837000,0.07,2077630000,140270000,0.0688916,"F0-D0-E0-R0-X0-cow",2,"F0","D0","E0","R0","X0","cow",85
1825420000,81576600,0.07,2084560000,85290600,0.0689942,"F0-D0-E0-R0-X0-cow",2,"F0","D0","E0","R0","X0","cow",86
1881470000,156904000,0.07,2179130000,161441000,0.069033,"F0-D0-E0-R0-X0-cow",2,"F0","D0","E0","R0","X0","cow",87
1939790000,96002400,0.07,2242440000,101508000,0.0690613,"F0-D0-E0-R0-X0-cow",2,"F0","D0","E0","R0","X0","cow",88
1988740000,147799000,0.07,2297720000,145947000,0.06916,"F0-D0-E0-R0-X0-cow",2,"F0","D0","E0","R0","X0","cow",89
2046340000,131608000,0.07,2361270000,129222000,0.0693644,"F0-D0-E0-R0-X0-cow",2,"F0","D0","E0","R0","X0","cow",90
2086780000,79738200,0.07,2391180000,77192000,0.0693527,"F0-D0-E0-R0-X0-cow",2,"F0","D0","E0","R0","X0","cow",91
2137100000,217602000,0.07,2443140000,221242000,0.0699286,"F0-D0-E0-R0-X0-cow",2,"F0","D0","E0","R0","X0","cow",92
2168230000,131735000,0.07,2453810000,131296000,0.0703242,"F0-D0-E0-R0-X0-cow",2,"F0","D0","E0","R0","X0","cow",93
2196590000,125560000,0.07,2474770000,122116000,0.0704878,"F0-D0-E0-R0-X0-cow",2,"F0","D0","E0","R0","X0","cow",94
2270680000,74081500,0.07,2561580000,70416500,0.0707422,"F0-D0-E0-R0-X0-cow",2,"F0","D0","E0","R0","X0","cow",95
2327430000,61656700,0.07,2604340000,61351400,0.0712754,"F0-D0-E0-R0-X0-cow",2,"F0","D0","E0","R0","X0","cow",96
2353720000,103922000,0.07,2601090000,100584000,0.0718249,"F0-D0-E0-R0-X0-cow",2,"F0","D0","E0","R0","X0","cow",97
2322080000,95426800,0.07,2520510000,93143100,0.0721219,"F0-D0-E0-R0-X0-cow",2,"F0","D0","E0","R0","X0","cow",98
2253440000,151854000,0.07,2413690000,133976000,0.0726164,"F0-D0-E0-R0-X0-cow",2,"F0","D0","E0","R0","X0","cow",99
2181130000,94818900,0.07,2323790000,132461000,0.0730595,"F0-D0-E0-R0-X0-cow",2,"F0","D0","E0","R0","X0","cow",100
4082630000,155667000,0,4296730000,158863000,0,"F0-D0-E0-R0-X0-cow",3,"F0","D0","E0","R0","X0","cow",1
4082630000,124314000,0,4302230000,122874000,0,"F0-D0-E0-R0-X0-cow",3,"F0","D0","E0","R0","X0","cow",2
4089300000,72249700,0,4313200000,69831000,0,"F0-D0-E0-R0-X0-cow",3,"F0","D0","E0","R0","X0","cow",3
4105340000,75303100,0,4340360000,75967700,0,"F0-D0-E0-R0-X0-cow",3,"F0","D0","E0","R0","X0","cow",4
4097030000,64843800,0,4314510000,64669400,0,"F0-D0-E0-R0-X0-cow",3,"F0","D0","E0","R0","X0","cow",5
4040580000,182323000,0,4232850000,187544000,0,"F0-D0-E0-R0-X0-cow",3,"F0","D0","E0","R0","X0","cow",6
3941940000,152565000,0,4111510000,155012000,0,"F0-D0-E0-R0-X0-cow",3,"F0","D0","E0","R0","X0","cow",7
3838100000,185955000,0,4018410000,189385000,0,"F0-D0-E0-R0-X0-cow",3,"F0","D0","E0","R0","X0","cow",8
3792220000,122752000,0,3993770000,130801000,0,"F0-D0-E0-R0-X0-cow",3,"F0","D0","E0","R0","X0","cow",9
3795040000,167315000,0,4034160000,175161000,0,"F0-D0-E0-R0-X0-cow",3,"F0","D0","E0","R0","X0","cow",10
3843500000,88180300,0,4124280000,89266300,0,"F0-D0-E0-R0-X0-cow",3,"F0","D0","E0","R0","X0","cow",11
3903940000,87926300,0,4210450000,93956100,0,"F0-D0-E0-R0-X0-cow",3,"F0","D0","E0","R0","X0","cow",12
3969460000,197965000,0,4281650000,204051000,0,"F0-D0-E0-R0-X0-cow",3,"F0","D0","E0","R0","X0","cow",13
3988060000,133308000,0,4293030000,146830000,0,"F0-D0-E0-R0-X0-cow",3,"F0","D0","E0","R0","X0","cow",14
3995280000,137411000,0,4324030000,135592000,0,"F0-D0-E0-R0-X0-cow",3,"F0","D0","E0","R0","X0","cow",15
4032240000,113332000,0,4396290000,115916000,0,"F0-D0-E0-R0-X0-cow",3,"F0","D0","E0","R0","X0","cow",16
4062680000,206372000,0,4433180000,208627000,0,"F0-D0-E0-R0-X0-cow",3,"F0","D0","E0","R0","X0","cow",17
4086470000,175132000,0,4470650000,174371000,0,"F0-D0-E0-R0-X0-cow",3,"F0","D0","E0","R0","X0","cow",18
4115260000,178515000,0,4510780000,185740000,0,"F0-D0-E0-R0-X0-cow",3,"F0","D0","E0","R0","X0","cow",19
4188490000,157262000,0,4617810000,160684000,0,"F0-D0-E0-R0-X0-cow",3,"F0","D0","E0","R0","X0","cow",20
4281580000,88759200,0,4699420000,90257300,0,"F0-D0-E0-R0-X0-cow",3,"F0","D0","E0","R0","X0","cow",21
4386260000,264717000,0,4826110000,273168000,0,"F0-D0-E0-R0-X0-cow",3,"F0","D0","E0","R0","X0","cow",22
4463500000,104826000,0,4896030000,100859000,0,"F0-D0-E0-R0-X0-cow",3,"F0","D0","E0","R0","X0","cow",23
4524990000,46276900,0,4956740000,46181600,0,"F0-D0-E0-R0-X0-cow",3,"F0","D0","E0","R0","X0","cow",24
4619510000,259878000,0,5076180000,266026000,0,"F0-D0-E0-R0-X0-cow",3,"F0","D0","E0","R0","X0","cow",25
4636310000,216882000,0.07,5029980000,215769000,0.0705498,"F0-D0-E0-R0-X0-cow",3,"F0","D0","E0","R0","X0","cow",26
4313630000,160990000,0.07,4673670000,164651000,0.0709816,"F0-D0-E0-R0-X0-cow",3,"F0","D0","E0","R0","X0","cow",27
4098660000,94431000,0.07,4462430000,99709100,0.0709432,"F0-D0-E0-R0-X0-cow",3,"F0","D0","E0","R0","X0","cow",28
3934850000,279191000,0.07,4312450000,279981000,0.0711003,"F0-D0-E0-R0-X0-cow",3,"F0","D0","E0","R0","X0","cow",29
3773110000,79569300,0.07,4117650000,79924000,0.071334,"F0-D0-E0-R0-X0-cow",3,"F0","D0","E0","R0","X0","cow",30
3632800000,115280000,0.07,3969410000,116836000,0.0711867,"F0-D0-E0-R0-X0-cow",3,"F0","D0","E0","R0","X0","cow",31
3550850000,88559000,0.07,3872280000,89786900,0.0715594,"F0-D0-E0-R0-X0-cow",3,"F0","D0","E0","R0","X0","cow",32
3416230000,83527100,0.07,3711210000,85281900,0.0715146,"F0-D0-E0-R0-X0-cow",3,"F0","D0","E0","R0","X0","cow",33
3262190000,200809000,0.07,3510830000,206936000,0.0715881,"F0-D0-E0-R0-X0-cow",3,"F0","D0","E0","R0","X0","cow",34
3079090000,91704100,0.07,3301100000,95796400,0.0719987,"F0-D0-E0-R0-X0-cow",3,"F0","D0","E0","R0","X0","cow",35
2914290000,115882000,0.07,3133430000,118646000,0.0716652,"F0-D0-E0-R0-X0-cow",3,"F0","D0","E0","R0","X0","cow",36
2803900000,100343000,0.07,3041740000,109606000,0.0717165,"F0-D0-E0-R0-X0-cow",3,"F0","D0","E0","R0","X0","cow",37
2689520000,117363000,0.07,2909060000,120485000,0.0716569,"F0-D0-E0-R0-X0-cow",3,"F0","D0","E0","R0","X0","cow",38
2587970000,247909000,0.07,2812540000,254693000,0.0714987,"F0-D0-E0-R0-X0-cow",3,"F0","D0","E0","R0","X0","cow",39
2492710000,197466000,0.07,2718030000,199255000,0.0709783,"F0-D0-E0-R0-X0-cow",3,"F0","D0","E0","R0","X0","cow",40
2451410000,130049000,0.07,2711500000,134875000,0.0711663,"F0-D0-E0-R0-X0-cow",3,"F0","D0","E0","R0","X0","cow",41
2506630000,100135000,0.07,2814440000,97814400,0.0708309,"F0-D0-E0-R0-X0-cow",3,"F0","D0","E0","R0","X0","cow",42
2584790000,151799000,0.07,2914330000,152696000,0.0708806,"F0-D0-E0-R0-X0-cow",3,"F0","D0","E0","R0","X0","cow",43
2631920000,77809700,0.07,2952320000,81828800,0.0709312,"F0-D0-E0-R0-X0-cow",3,"F0","D0","E0","R0","X0","cow",44
2646420000,91147400,0.07,2942010000,91364800,0.0710476,"F0-D0-E0-R0-X0-cow",3,"F0","D0","E0","R0","X0","cow",45
2637690000,174137000,0.07,2921120000,181233000,0.0710344,"F0-D0-E0-R0-X0-cow",3,"F0","D0","E0","R0","X0","cow",46
2576070000,152098000,0.07,2826610000,157944000,0.0714418,"F0-D0-E0-R0-X0-cow",3,"F0","D0","E0","R0","X0","cow",47
2511690000,60763200,0.07,2755530000,62925300,0.071428,"F0-D0-E0-R0-X0-cow",3,"F0","D0","E0","R0","X0","cow",48
2487290000,214303000,0.07,2745480000,220440000,0.0713878,"F0-D0-E0-R0-X0-cow",3,"F0","D0","E0","R0","X0","cow",49
2459160000,96561700,0.07,2714640000,93567800,0.0714152,"F0-D0-E0-R0-X0-cow",3,"F0","D0","E0","R0","X0","cow",50
2427190000,76252300,0.07,2690620000,82587400,0.0712874,"F0-D0-E0-R0-X0-cow",3,"F0","D0","E0","R0","X0","cow",51
2440790000,84027900,0.07,2708990000,88015800,0.0712657,"F0-D0-E0-R0-X0-cow",3,"F0","D0","E0","R0","X0","cow",52
2416300000,78987100,0.07,2668060000,79993400,0.070979,"F0-D0-E0-R0-X0-cow",3,"F0","D0","E0","R0","X0","cow",53
2358550000,85550500,0.07,2590610000,86241600,0.0710265,"F0-D0-E0-R0-X0-cow",3,"F0","D0","E0","R0","X0","cow",54
2277760000,131239000,0.07,2489900000,132676000,0.0710233,"F0-D0-E0-R0-X0-cow",3,"F0","D0","E0","R0","X0","cow",55
2182710000,74795100,0.07,2391770000,75531700,0.070772,"F0-D0-E0-R0-X0-cow",3,"F0","D0","E0","R0","X0","cow",56
2100080000,37347800,0.07,2302400000,39056800,0.0710214,"F0-D0-E0-R0-X0-cow",3,"F0","D0","E0","R0","X0","cow",57
2040860000,89979500,0.07,2238970000,90957000,0.0712898,"F0-D0-E0-R0-X0-cow",3,"F0","D0","E0","R0","X0","cow",58
1962410000,119925000,0.07,2137300000,122751000,0.0711221,"F0-D0-E0-R0-X0-cow",3,"F0","D0","E0","R0","X0","cow",59
1868810000,254838000,0.07,2034920000,264705000,0.0711183,"F0-D0-E0-R0-X0-cow",3,"F0","D0","E0","R0","X0","cow",60
1802580000,86866300,0.07,1967830000,92991200,0.0712737,"F0-D0-E0-R0-X0-cow",3,"F0","D0","E0","R0","X0","cow",61
1813280000,174562000,0.07,2032010000,181552000,0.0711432,"F0-D0-E0-R0-X0-cow",3,"F0","D0","E0","R0","X0","cow",62
1907030000,87633800,0.07,2160790000,91720000,0.0708788,"F0-D0-E0-R0-X0-cow",3,"F0","D0","E0","R0","X0","cow",63
1993380000,118683000,0.07,2274160000,124904000,0.0707172,"F0-D0-E0-R0-X0-cow",3,"F0","D0","E0","R0","X0","cow",64
2091110000,121986000,0.07,2382100000,125068000,0.0704842,"F0-D0-E0-R0-X0-cow",3,"F0","D0","E0","R0","X0","cow",65
2146820000,44680600,0.07,2434200000,45642900,0.0703079,"F0-D0-E0-R0-X0-cow",3,"F0","D0","E0","R0","X0","cow",66
2185430000,147382000,0.07,2474950000,154483000,0.0702746,"F0-D0-E0-R0-X0-cow",3,"F0","D0","E0","R0","X0","cow",67
2187470000,85326500,0.07,2461270000,86910100,0.0701875,"F0-D0-E0-R0-X0-cow",3,"F0","D0","E0","R0","X0","cow",68
2152220000,90707900,0.07,2416660000,91257100,0.0697602,"F0-D0-E0-R0-X0-cow",3,"F0","D0","E0","R0","X0","cow",69
2130170000,159062000,0.07,2390480000,164625000,0.0699289,"F0-D0-E0-R0-X0-cow",3,"F0","D0","E0","R0","X0","cow",70
2088120000,113610000,0.07,2339880000,120353000,0.070031,"F0-D0-E0-R0-X0-cow",3,"F0","D0","E0","R0","X0","cow",71
2059580000,44249700,0.07,2319230000,46529600,0.0698717,"F0-D0-E0-R0-X0-cow",3,"F0","D0","E0","R0","X0","cow",72
2065560000,154357000,0.07,2331200000,153752000,0.0701695,"F0-D0-E0-R0-X0-cow",3,"F0","D0","E0","R0","X0","cow",73
2053560000,58802100,0.07,2307340000,59443000,0.0698914,"F0-D0-E0-R0-X0-cow",3,"F0","D0","E0","R0","X0","cow",74
2023830000,121086000,0.07,2284250000,127103000,0.0698999,"F0-D0-E0-R0-X0-cow",3,"F0","D0","E0","R0","X0","cow",75
2011620000,110991000,0.07,2251630000,108487000,0.070047,"F0-D0-E0-R0-X0-cow",3,"F0","D0","E0","R0","X0","cow",76
1978040000,67154400,0.07,2207830000,65980400,0.0700732,"F0-D0-E0-R0-X0-cow",3,"F0","D0","E0","R0","X0","cow",77
1963410000,73630400,0.07,2199140000,78623800,0.0702783,"F0-D0-E0-R0-X0-cow",3,"F0","D0","E0","R0","X0","cow",78
1944070000,137773000,0.07,2169770000,137921000,0.0705717,"F0-D0-E0-R0-X0-cow",3,"F0","D0","E0","R0","X0","cow",79
1902040000,130356000,0.07,2106480000,126955000,0.0707256,"F0-D0-E0-R0-X0-cow",3,"F0","D0","E0","R0","X0","cow",80
1866230000,87803400,0.07,2063150000,87196300,0.0709205,"F0-D0-E0-R0-X0-cow",3,"F0","D0","E0","R0","X0","cow",81
1867890000,88011500,0.07,2081530000,91733000,0.0715066,"F0-D0-E0-R0-X0-cow",3,"F0","D0","E0","R0","X0","cow",82
1882290000,96877300,0.07,2087530000,96035100,0.071628,"F0-D0-E0-R0-X0-cow",3,"F0","D0","E0","R0","X0","cow",83
1884320000,91404400,0.07,2077720000,93559500,0.0719558,"F0-D0-E0-R0-X0-cow",3,"F0","D0","E0","R0","X0","cow",84
1878090000,114011000,0.07,2056150000,108539000,0.0720302,"F0-D0-E0-R0-X0-cow",3,"F0","D0","E0","R0","X0","cow",85
1866800000,88289800,0.07,2038350000,86807800,0.0724559,"F0-D0-E0-R0-X0-cow",3,"F0","D0","E0","R0","X0","cow",86
1855710000,92626600,0.07,2025260000,92454300,0.0726092,"F0-D0-E0-R0-X0-cow",3,"F0","D0","E0","R0","X0","cow",87
1850870000,52905800,0.07,2011240000,51860500,0.0729252,"F0-D0-E0-R0-X0-cow",3,"F0","D0","E0","R0","X0","cow",88
1838870000,139282000,0.07,1977810000,135571000,0.0730828,"F0-D0-E0-R0-X0-cow",3,"F0","D0","E0","R0","X0","cow",89
1813720000,51779800,0.07,1942030000,48769900,0.0732182,"F0-D0-E0-R0-X0-cow",3,"F0","D0","E0","R0","X0","cow",90
1782500000,131279000,0.07,1905630000,129400000,0.0738838,"F0-D0-E0-R0-X0-cow",3,"F0","D0","E0","R0","X0","cow",91
1769710000,114927000,0.07,1.885e+09,111488000,0.0741577,"F0-D0-E0-R0-X0-cow",3,"F0","D0","E0","R0","X0","cow",92
1746940000,139384000,0.07,1845850000,134838000,0.0748091,"F0-D0-E0-R0-X0-cow",3,"F0","D0","E0","R0","X0","cow",93
1757760000,89235700,0.07,1863550000,83732500,0.0751643,"F0-D0-E0-R0-X0-cow",3,"F0","D0","E0","R0","X0","cow",94
1789290000,52530000,0.07,1897900000,53098400,0.0751252,"F0-D0-E0-R0-X0-cow",3,"F0","D0","E0","R0","X0","cow",95
1834840000,131257000,0.07,1939310000,122985000,0.0756921,"F0-D0-E0-R0-X0-cow",3,"F0","D0","E0","R0","X0","cow",96
1850080000,81156400,0.07,1930020000,78278500,0.0757032,"F0-D0-E0-R0-X0-cow",3,"F0","D0","E0","R0","X0","cow",97
1843600000,93157900,0.07,1910280000,85591300,0.0764759,"F0-D0-E0-R0-X0-cow",3,"F0","D0","E0","R0","X0","cow",98
1846960000,169623000,0.07,1904980000,164198000,0.0770486,"F0-D0-E0-R0-X0-cow",3,"F0","D0","E0","R0","X0","cow",99
1834270000,106942000,0.07,1877310000,114849000,0.0775056,"F0-D0-E0-R0-X0-cow",3,"F0","D0","E0","R0","X0","cow",100
